actual_phoneme,predicted_phoneme,error_count,actual_support,error_rate,error_rate_percent
<sil>,n,40,5640,0.0070921985815602835,0.7092198581560284
qK,qa,34,224,0.15178571428571427,15.178571428571427
tˤa,qa,33,161,0.20496894409937888,20.496894409937887
m,n,31,2360,0.013135593220338982,1.3135593220338981
dK,da,29,521,0.05566218809980806,5.566218809980806
ma,na,26,1849,0.014061654948620876,1.4061654948620876
dK,bK,22,521,0.04222648752399232,4.222648752399232
wa,<sil>,22,3862,0.005696530295183843,0.5696530295183843
ta,ka,20,1890,0.010582010582010581,1.0582010582010581
n,<sil>,20,2386,0.008382229673093043,0.8382229673093042
na,nn,18,3188,0.0056461731493099125,0.5646173149309912
la,l,17,3719,0.004571121269158376,0.45711212691583764
bK,ba,15,510,0.029411764705882353,2.941176470588235
h,haa,14,369,0.037940379403794036,3.7940379403794036
fi,ti,14,482,0.029045643153526972,2.904564315352697
li,l,14,1295,0.010810810810810811,1.0810810810810811
mm,nn,14,1393,0.010050251256281407,1.0050251256281406
fa,ta,14,1661,0.008428657435279952,0.8428657435279951
laa,l,14,2074,0.006750241080038573,0.6750241080038573
nu,mu,13,378,0.03439153439153439,3.439153439153439
nn,ʔi,12,1471,0.008157715839564922,0.8157715839564922
ma,mm,12,1849,0.006489994591671174,0.6489994591671173
tˤuu,quu,11,31,0.3548387096774194,35.483870967741936
θa,ta,11,130,0.08461538461538462,8.461538461538462
ðaa,baa,11,538,0.020446096654275093,2.0446096654275094
t,k,11,634,0.017350157728706624,1.7350157728706623
li,mi,11,1295,0.008494208494208495,0.8494208494208495
naa,maa,11,1313,0.008377760853008377,0.8377760853008377
ʔi,<sil>,11,2291,0.004801396769969445,0.48013967699694454
tˤaa,qaa,10,78,0.1282051282051282,12.82051282051282
m,ʔa,10,2360,0.00423728813559322,0.423728813559322
m,hu,10,2360,0.00423728813559322,0.423728813559322
na,ma,10,3188,0.003136762860727729,0.3136762860727729
la,na,10,3719,0.0026888948642108095,0.26888948642108096
<sil>,laa,10,5640,0.0017730496453900709,0.1773049645390071
θu,ku,9,181,0.049723756906077346,4.972375690607735
bii,dii,9,263,0.034220532319391636,3.4220532319391634
ði,bi,9,274,0.032846715328467155,3.2846715328467155
ða,ba,9,290,0.03103448275862069,3.103448275862069
ða,da,9,290,0.03103448275862069,3.103448275862069
nn,mm,9,1471,0.006118286879673691,0.6118286879673691
m,<sil>,9,2360,0.0038135593220338985,0.38135593220338987
l,la,9,4749,0.0018951358180669614,0.18951358180669614
su,ʃu,8,172,0.046511627906976744,4.651162790697675
jK,ja,8,282,0.028368794326241134,2.8368794326241136
b,rMa,8,566,0.014134275618374558,1.4134275618374559
mi,mm,8,1473,0.005431093007467753,0.5431093007467752
l,wa,8,4749,0.0016845651716150768,0.16845651716150767
ʕi,ʔi,7,268,0.026119402985074626,2.6119402985074625
muu,nuu,7,294,0.023809523809523808,2.380952380952381
hu,mu,7,1731,0.004043905257076834,0.4043905257076834
ta,fa,7,1890,0.003703703703703704,0.3703703703703704
l,laa,7,4749,0.0014739945251631922,0.14739945251631922
l,na,7,4749,0.0014739945251631922,0.14739945251631922
<sil>,rMaa,7,5640,0.0012411347517730497,0.12411347517730498
tˤK,qK,6,66,0.09090909090909091,9.090909090909092
ðˤa,dˤa,6,71,0.08450704225352113,8.450704225352112
daa,baa,6,192,0.03125,3.125
di,bi,6,228,0.02631578947368421,2.631578947368421
taa,kaa,6,229,0.026200873362445413,2.6200873362445414
f,k,6,263,0.022813688212927757,2.2813688212927756
rMaa,<sil>,6,438,0.0136986301369863,1.36986301369863
bK,b,6,510,0.011764705882352941,1.1764705882352942
hi,y,6,815,0.007361963190184049,0.7361963190184049
tu,m,6,842,0.007125890736342043,0.7125890736342043
ba,da,6,1008,0.005952380952380952,0.5952380952380952
mu,mm,6,1138,0.005272407732864675,0.5272407732864675
mu,nu,6,1138,0.005272407732864675,0.5272407732864675
maa,wa,6,1261,0.004758128469468675,0.47581284694686754
naa,nn,6,1313,0.00456968773800457,0.456968773800457
fa,ba,6,1661,0.003612281757977122,0.3612281757977122
ʕa,na,6,1714,0.003500583430571762,0.3500583430571762
hu,m,6,1731,0.0034662045060658577,0.34662045060658575
hu,wa,6,1731,0.0034662045060658577,0.34662045060658575
m,wa,6,2360,0.002542372881355932,0.2542372881355932
n,luu,6,2386,0.002514668901927913,0.2514668901927913
n,mi,6,2386,0.002514668901927913,0.2514668901927913
n,nuu,6,2386,0.002514668901927913,0.2514668901927913
ʔa,l,6,2975,0.0020168067226890756,0.20168067226890757
na,kaa,6,3188,0.0018820577164366374,0.18820577164366373
wa,ww,6,3862,0.0015535991714137752,0.15535991714137753
wa,laa,6,3862,0.0015535991714137752,0.15535991714137753
l,fi,6,4749,0.0012634238787113076,0.12634238787113075
<sil>,dK,6,5640,0.0010638297872340426,0.10638297872340426
<sil>,daa,6,5640,0.0010638297872340426,0.10638297872340426
<sil>,wa,6,5640,0.0010638297872340426,0.10638297872340426
ɣaa,ðˤaa,5,59,0.0847457627118644,8.47457627118644
nii,mii,5,328,0.01524390243902439,1.524390243902439
ni,li,5,351,0.014245014245014245,1.4245014245014245
ja,ka,5,440,0.011363636363636364,1.1363636363636365
ww,wa,5,454,0.011013215859030838,1.1013215859030838
bK,dK,5,510,0.00980392156862745,0.9803921568627451
dK,qa,5,521,0.009596928982725527,0.9596928982725527
ðaa,ʕa,5,538,0.00929368029739777,0.929368029739777
qaa,tˤaa,5,544,0.009191176470588236,0.9191176470588236
r,rMa,5,578,0.00865051903114187,0.8650519031141869
r,rMu,5,578,0.00865051903114187,0.8650519031141869
rM,ʔa,5,720,0.006944444444444444,0.6944444444444444
rM,rMu,5,720,0.006944444444444444,0.6944444444444444
tu,ku,5,842,0.0059382422802850355,0.5938242280285035
y,la,5,1322,0.0037821482602118004,0.37821482602118006
bi,b,5,1458,0.003429355281207133,0.3429355281207133
nn,na,5,1471,0.003399048266485384,0.3399048266485384
ʕa,n,5,1714,0.0029171528588098016,0.29171528588098017
ta,wa,5,1890,0.0026455026455026454,0.26455026455026454
m,l,5,2360,0.00211864406779661,0.211864406779661
m,hi,5,2360,0.00211864406779661,0.211864406779661
n,duu,5,2386,0.0020955574182732607,0.20955574182732606
n,rMuu,5,2386,0.0020955574182732607,0.20955574182732606
n,mii,5,2386,0.0020955574182732607,0.20955574182732606
n,muu,5,2386,0.0020955574182732607,0.20955574182732606
ʔa,m,5,2975,0.0016806722689075631,0.16806722689075632
ʔa,n,5,2975,0.0016806722689075631,0.16806722689075632
la,ʕ,5,3719,0.0013444474321054048,0.13444474321054048
la,ʕa,5,3719,0.0013444474321054048,0.13444474321054048
la,wa,5,3719,0.0013444474321054048,0.13444474321054048
l,y,5,4749,0.0010528532322594231,0.10528532322594232
l,ʔa,5,4749,0.0010528532322594231,0.10528532322594232
l,ʔi,5,4749,0.0010528532322594231,0.10528532322594232
l,lu,5,4749,0.0010528532322594231,0.10528532322594232
<sil>,h,5,5640,0.0008865248226950354,0.08865248226950355
nð,mm,4,46,0.08695652173913043,8.695652173913043
fuu,kuu,4,98,0.04081632653061224,4.081632653061225
ɣa,dˤa,4,153,0.026143790849673203,2.6143790849673203
θu,tu,4,181,0.022099447513812154,2.209944751381215
daa,ðaa,4,192,0.020833333333333332,2.083333333333333
qi,ki,4,213,0.018779342723004695,1.8779342723004695
taa,h,4,229,0.017467248908296942,1.7467248908296942
yy,ya,4,246,0.016260162601626018,1.6260162601626018
ki,ti,4,261,0.01532567049808429,1.532567049808429
hii,bi,4,321,0.012461059190031152,1.2461059190031152
nii,lii,4,328,0.012195121951219513,1.2195121951219512
h,<sil>,4,369,0.01084010840108401,1.084010840108401
nu,lu,4,378,0.010582010582010581,1.0582010582010581
ħ,ta,4,385,0.01038961038961039,1.0389610389610389
fii,θii,4,392,0.01020408163265306,1.0204081632653061
ja,jK,4,440,0.00909090909090909,0.9090909090909091
yaa,y,4,444,0.009009009009009009,0.9009009009009009
ðii,la,4,475,0.008421052631578947,0.8421052631578947
luu,quu,4,478,0.008368200836820083,0.8368200836820083
fi,ki,4,482,0.008298755186721992,0.8298755186721992
dK,ba,4,521,0.007677543186180422,0.7677543186180422
t,tu,4,634,0.006309148264984227,0.6309148264984227
haa,n,4,645,0.006201550387596899,0.6201550387596899
ti,ki,4,681,0.005873715124816446,0.5873715124816447
ti,wa,4,681,0.005873715124816446,0.5873715124816447
s,ʃ,4,751,0.005326231691078562,0.5326231691078562
s,ya,4,751,0.005326231691078562,0.5326231691078562
w,ʔa,4,987,0.004052684903748734,0.4052684903748734
w,ma,4,987,0.004052684903748734,0.4052684903748734
w,ya,4,987,0.004052684903748734,0.4052684903748734
ba,bK,4,1008,0.003968253968253968,0.3968253968253968
ba,fa,4,1008,0.003968253968253968,0.3968253968253968
mu,l,4,1138,0.0035149384885764497,0.35149384885764495
maa,mm,4,1261,0.0031720856463124504,0.317208564631245
li,bi,4,1295,0.003088803088803089,0.3088803088803089
li,ðaa,4,1295,0.003088803088803089,0.3088803088803089
li,ni,4,1295,0.003088803088803089,0.3088803088803089
mm,li,4,1393,0.002871500358937545,0.2871500358937545
mm,ma,4,1393,0.002871500358937545,0.2871500358937545
bi,di,4,1458,0.0027434842249657062,0.2743484224965706
bi,fi,4,1458,0.0027434842249657062,0.2743484224965706
rMa,b,4,1567,0.0025526483726866626,0.2552648372686663
ʕa,ħa,4,1714,0.002333722287047841,0.2333722287047841
hu,mm,4,1731,0.002310803004043905,0.2310803004043905
hu,laa,4,1731,0.002310803004043905,0.2310803004043905
ya,y,4,1751,0.002284408909194746,0.2284408909194746
ya,maa,4,1751,0.002284408909194746,0.2284408909194746
ta,s,4,1890,0.0021164021164021165,0.21164021164021166
ta,m,4,1890,0.0021164021164021165,0.21164021164021166
laa,ʔa,4,2074,0.0019286403085824494,0.19286403085824494
laa,wa,4,2074,0.0019286403085824494,0.19286403085824494
ʔi,nn,4,2291,0.001745962461807071,0.1745962461807071
n,ʔa,4,2386,0.0016764459346186086,0.16764459346186086
ʔa,ʕ,4,2975,0.0013445378151260505,0.13445378151260504
na,ðii,4,3188,0.0012547051442910915,0.12547051442910914
na,luu,4,3188,0.0012547051442910915,0.12547051442910914
la,m,4,3719,0.0010755579456843238,0.10755579456843238
la,da,4,3719,0.0010755579456843238,0.10755579456843238
la,qa,4,3719,0.0010755579456843238,0.10755579456843238
wa,l,4,3862,0.0010357327809425167,0.10357327809425168
wa,ʔa,4,3862,0.0010357327809425167,0.10357327809425168
wa,ɣa,4,3862,0.0010357327809425167,0.10357327809425168
wa,la,4,3862,0.0010357327809425167,0.10357327809425168
wa,ma,4,3862,0.0010357327809425167,0.10357327809425168
wa,maa,4,3862,0.0010357327809425167,0.10357327809425168
wa,hu,4,3862,0.0010357327809425167,0.10357327809425168
l,ba,4,4749,0.0008422825858075384,0.08422825858075383
l,ka,4,4749,0.0008422825858075384,0.08422825858075383
l,mi,4,4749,0.0008422825858075384,0.08422825858075383
l,mu,4,4749,0.0008422825858075384,0.08422825858075383
<sil>,qaa,4,5640,0.0007092198581560284,0.07092198581560284
θi,ti,3,29,0.10344827586206896,10.344827586206897
unf,nf,3,49,0.061224489795918366,6.122448979591836
dˤu,bu,3,53,0.05660377358490566,5.660377358490567
tˤK,tˤa,3,66,0.045454545454545456,4.545454545454546
dˤ,ðˤ,3,88,0.03409090909090909,3.4090909090909087
tii,kii,3,91,0.03296703296703297,3.296703296703297
yi,y,3,112,0.026785714285714284,2.6785714285714284
ɣ,rM,3,124,0.024193548387096774,2.4193548387096775
xi,fi,3,124,0.024193548387096774,2.4193548387096775
fu,ku,3,128,0.0234375,2.34375
θa,fa,3,130,0.023076923076923078,2.307692307692308
dˤa,tˤa,3,149,0.020134228187919462,2.013422818791946
dˤa,wa,3,149,0.020134228187919462,2.013422818791946
dˤi,l,3,151,0.019867549668874173,1.9867549668874174
dii,bii,3,176,0.017045454545454544,1.7045454545454544
daa,<sil>,3,192,0.015625,1.5625
ʕaa,ħaa,3,211,0.014218009478672985,1.4218009478672986
qK,<sil>,3,224,0.013392857142857142,1.3392857142857142
quu,ya,3,235,0.01276595744680851,1.276595744680851
si,ʃi,3,268,0.011194029850746268,1.1194029850746268
waa,wa,3,272,0.011029411764705883,1.1029411764705883
waa,ya,3,272,0.011029411764705883,1.1029411764705883
ði,ð,3,274,0.010948905109489052,1.094890510948905
ði,di,3,274,0.010948905109489052,1.094890510948905
baa,<sil>,3,285,0.010526315789473684,1.0526315789473684
ða,ʔi,3,290,0.010344827586206896,1.0344827586206897
muu,huu,3,294,0.01020408163265306,1.0204081632653061
ʃa,ʃ,3,313,0.009584664536741214,0.9584664536741214
qu,ku,3,332,0.009036144578313253,0.9036144578313252
k,ku,3,339,0.008849557522123894,0.8849557522123894
bu,ku,3,339,0.008849557522123894,0.8849557522123894
nuu,kaa,3,364,0.008241758241758242,0.8241758241758242
kaa,maa,3,387,0.007751937984496124,0.7751937984496124
fii,kii,3,392,0.007653061224489796,0.7653061224489796
lu,nu,3,408,0.007352941176470588,0.7352941176470588
ʔ,ʔa,3,476,0.0063025210084033615,0.6302521008403361
fi,bi,3,482,0.006224066390041493,0.6224066390041494
da,dK,3,492,0.006097560975609756,0.6097560975609756
da,d,3,492,0.006097560975609756,0.6097560975609756
huu,na,3,517,0.005802707930367505,0.5802707930367506
huu,ya,3,517,0.005802707930367505,0.5802707930367506
t,<sil>,3,634,0.00473186119873817,0.47318611987381703
t,θ,3,634,0.00473186119873817,0.47318611987381703
t,ba,3,634,0.00473186119873817,0.47318611987381703
t,ħa,3,634,0.00473186119873817,0.47318611987381703
haa,na,3,645,0.004651162790697674,0.46511627906976744
ʕ,ʔa,3,664,0.004518072289156626,0.4518072289156626
ʕ,ta,3,664,0.004518072289156626,0.4518072289156626
ti,l,3,681,0.004405286343612335,0.4405286343612335
rM,dˤ,3,720,0.004166666666666667,0.4166666666666667
s,sa,3,751,0.0039946737683089215,0.3994673768308922
hi,m,3,815,0.0036809815950920245,0.36809815950920244
hi,laa,3,815,0.0036809815950920245,0.36809815950920244
qa,nq,3,849,0.0035335689045936395,0.35335689045936397
qa,w,3,849,0.0035335689045936395,0.35335689045936397
qa,la,3,849,0.0035335689045936395,0.35335689045936397
qa,huu,3,849,0.0035335689045936395,0.35335689045936397
w,la,3,987,0.00303951367781155,0.303951367781155
ba,bi,3,1008,0.002976190476190476,0.2976190476190476
ku,m,3,1044,0.0028735632183908046,0.28735632183908044
ku,na,3,1044,0.0028735632183908046,0.28735632183908044
mu,la,3,1138,0.0026362038664323375,0.26362038664323373
mu,hu,3,1138,0.0026362038664323375,0.26362038664323373
li,ma,3,1295,0.0023166023166023165,0.23166023166023164
naa,laa,3,1313,0.002284843869002285,0.2284843869002285
y,ʃa,3,1322,0.0022692889561270802,0.22692889561270801
y,li,3,1322,0.0022692889561270802,0.22692889561270801
mm,mi,3,1393,0.0021536252692031586,0.21536252692031585
ka,l,3,1401,0.0021413276231263384,0.21413276231263384
ka,ʔi,3,1401,0.0021413276231263384,0.21413276231263384
ka,tu,3,1401,0.0021413276231263384,0.21413276231263384
ka,rii,3,1401,0.0021413276231263384,0.21413276231263384
ka,wa,3,1401,0.0021413276231263384,0.21413276231263384
mi,nk,3,1473,0.002036659877800407,0.20366598778004072
mi,ʔ,3,1473,0.002036659877800407,0.20366598778004072
mi,ka,3,1473,0.002036659877800407,0.20366598778004072
mi,mii,3,1473,0.002036659877800407,0.20366598778004072
rMa,na,3,1567,0.0019144862795149968,0.1914486279514997
rMa,wa,3,1567,0.0019144862795149968,0.1914486279514997
fa,quu,3,1661,0.001806140878988561,0.1806140878988561
ʕa,l,3,1714,0.001750291715285881,0.1750291715285881
ʕa,ja,3,1714,0.001750291715285881,0.1750291715285881
ʕa,laa,3,1714,0.001750291715285881,0.1750291715285881
hu,n,3,1731,0.0017331022530329288,0.17331022530329288
hu,ʔa,3,1731,0.0017331022530329288,0.17331022530329288
hu,ku,3,1731,0.0017331022530329288,0.17331022530329288
hu,la,3,1731,0.0017331022530329288,0.17331022530329288
hu,huu,3,1731,0.0017331022530329288,0.17331022530329288
ya,yy,3,1751,0.0017133066818960593,0.17133066818960593
ya,ʕ,3,1751,0.0017133066818960593,0.17133066818960593
ya,laa,3,1751,0.0017133066818960593,0.17133066818960593
ya,na,3,1751,0.0017133066818960593,0.17133066818960593
ma,ħ,3,1849,0.0016224986479177934,0.16224986479177933
ma,l,3,1849,0.0016224986479177934,0.16224986479177933
ma,ti,3,1849,0.0016224986479177934,0.16224986479177933
ta,t,3,1890,0.0015873015873015873,0.15873015873015872
ta,y,3,1890,0.0015873015873015873,0.15873015873015872
ta,ya,3,1890,0.0015873015873015873,0.15873015873015872
laa,<sil>,3,2074,0.0014464802314368371,0.14464802314368372
laa,bii,3,2074,0.0014464802314368371,0.14464802314368372
laa,naa,3,2074,0.0014464802314368371,0.14464802314368372
ʔi,ma,3,2291,0.0013094718463553033,0.13094718463553034
ʔi,ya,3,2291,0.0013094718463553033,0.13094718463553034
m,tu,3,2360,0.001271186440677966,0.1271186440677966
m,ku,3,2360,0.001271186440677966,0.1271186440677966
m,la,3,2360,0.001271186440677966,0.1271186440677966
m,ma,3,2360,0.001271186440677966,0.1271186440677966
n,ʔuu,3,2386,0.0012573344509639564,0.12573344509639564
n,lii,3,2386,0.0012573344509639564,0.12573344509639564
ʔa,rMuu,3,2975,0.0010084033613445378,0.10084033613445378
ʔa,na,3,2975,0.0010084033613445378,0.10084033613445378
ʔa,naa,3,2975,0.0010084033613445378,0.10084033613445378
ʔa,wa,3,2975,0.0010084033613445378,0.10084033613445378
na,l,3,3188,0.0009410288582183187,0.09410288582183186
na,w,3,3188,0.0009410288582183187,0.09410288582183186
na,la,3,3188,0.0009410288582183187,0.09410288582183186
la,t,3,3719,0.0008066684592632429,0.08066684592632428
la,ðii,3,3719,0.0008066684592632429,0.08066684592632428
la,ka,3,3719,0.0008066684592632429,0.08066684592632428
la,laa,3,3719,0.0008066684592632429,0.08066684592632428
la,ma,3,3719,0.0008066684592632429,0.08066684592632428
la,naa,3,3719,0.0008066684592632429,0.08066684592632428
wa,m,3,3862,0.0007767995857068876,0.07767995857068877
wa,ta,3,3862,0.0007767995857068876,0.07767995857068877
wa,rMa,3,3862,0.0007767995857068876,0.07767995857068877
wa,ʕu,3,3862,0.0007767995857068876,0.07767995857068877
wa,fa,3,3862,0.0007767995857068876,0.07767995857068877
wa,haa,3,3862,0.0007767995857068876,0.07767995857068877
l,n,3,4749,0.0006317119393556538,0.06317119393556538
l,ta,3,4749,0.0006317119393556538,0.06317119393556538
l,ða,3,4749,0.0006317119393556538,0.06317119393556538
l,qu,3,4749,0.0006317119393556538,0.06317119393556538
l,ku,3,4749,0.0006317119393556538,0.06317119393556538
l,li,3,4749,0.0006317119393556538,0.06317119393556538
l,ma,3,4749,0.0006317119393556538,0.06317119393556538
<sil>,bK,3,5640,0.0005319148936170213,0.05319148936170213
<sil>,r,3,5640,0.0005319148936170213,0.05319148936170213
<sil>,m,3,5640,0.0005319148936170213,0.05319148936170213
<sil>,maa,3,5640,0.0005319148936170213,0.05319148936170213
<sil>,yaa,3,5640,0.0005319148936170213,0.05319148936170213
ansˤ,sˤa,2,4,0.5,50.0
ndˤ,nðˤ,2,9,0.2222222222222222,22.22222222222222
ink,ka,2,18,0.1111111111111111,11.11111111111111
ɣi,l,2,18,0.1111111111111111,11.11111111111111
ɣi,ri,2,18,0.1111111111111111,11.11111111111111
ɣi,ðˤi,2,18,0.1111111111111111,11.11111111111111
rMun,rMu,2,19,0.10526315789473684,10.526315789473683
ntˤ,nq,2,22,0.09090909090909091,9.090909090909092
wuu,w,2,22,0.09090909090909091,9.090909090909092
θi,fi,2,29,0.06896551724137931,6.896551724137931
θuu,kuu,2,31,0.06451612903225806,6.451612903225806
dˤuu,dˤii,2,34,0.058823529411764705,5.88235294117647
tˤ,l,2,38,0.05263157894736842,5.263157894736842
wi,sa,2,45,0.044444444444444446,4.444444444444445
wi,mi,2,45,0.044444444444444446,4.444444444444445
nð,nj,2,46,0.043478260869565216,4.3478260869565215
nð,mi,2,46,0.043478260869565216,4.3478260869565215
j,jK,2,55,0.03636363636363636,3.6363636363636362
juu,n,2,63,0.031746031746031744,3.1746031746031744
tˤi,fa,2,65,0.03076923076923077,3.076923076923077
tˤK,tˤ,2,66,0.030303030303030304,3.0303030303030303
yuu,n,2,66,0.030303030303030304,3.0303030303030303
ðˤ,ɣ,2,67,0.029850746268656716,2.9850746268656714
θ,t,2,76,0.02631578947368421,2.631578947368421
θ,f,2,76,0.02631578947368421,2.631578947368421
ħu,ħa,2,79,0.02531645569620253,2.5316455696202533
ʔuu,zi,2,83,0.024096385542168676,2.4096385542168677
ʔuu,kuu,2,83,0.024096385542168676,2.4096385542168677
nf,ʔa,2,88,0.022727272727272728,2.272727272727273
dˤ,l,2,88,0.022727272727272728,2.272727272727273
suu,rMaa,2,93,0.021505376344086023,2.1505376344086025
ɣ,w,2,124,0.016129032258064516,1.6129032258064515
xi,rMa,2,124,0.016129032258064516,1.6129032258064515
fu,nf,2,128,0.015625,1.5625
dˤa,fii,2,149,0.013422818791946308,1.342281879194631
ɣa,ðˤa,2,153,0.013071895424836602,1.3071895424836601
ɣa,qa,2,153,0.013071895424836602,1.3071895424836601
ɣa,wa,2,153,0.013071895424836602,1.3071895424836601
tˤa,ba,2,161,0.012422360248447204,1.2422360248447204
tˤa,dˤa,2,161,0.012422360248447204,1.2422360248447204
su,fu,2,172,0.011627906976744186,1.1627906976744187
buu,fuu,2,174,0.011494252873563218,1.1494252873563218
ʕu,yu,2,181,0.011049723756906077,1.1049723756906076
ʕu,yuu,2,181,0.011049723756906077,1.1049723756906076
ji,jK,2,190,0.010526315789473684,1.0526315789473684
daa,d,2,192,0.010416666666666666,1.0416666666666665
x,rMa,2,206,0.009708737864077669,0.9708737864077669
ʕaa,n,2,211,0.009478672985781991,0.9478672985781991
qi,l,2,213,0.009389671361502348,0.9389671361502347
qi,ʔi,2,213,0.009389671361502348,0.9389671361502347
qi,ti,2,213,0.009389671361502348,0.9389671361502347
d,b,2,218,0.009174311926605505,0.9174311926605505
d,duu,2,218,0.009174311926605505,0.9174311926605505
qK,rM,2,224,0.008928571428571428,0.8928571428571428
ʕuu,ʔuu,2,224,0.008928571428571428,0.8928571428571428
di,ti,2,228,0.008771929824561403,0.8771929824561403
lii,nii,2,231,0.008658008658008658,0.8658008658008658
du,ʕi,2,241,0.008298755186721992,0.8298755186721992
duu,buu,2,245,0.00816326530612245,0.8163265306122449
duu,juu,2,245,0.00816326530612245,0.8163265306122449
duu,ðuu,2,245,0.00816326530612245,0.8163265306122449
duu,luu,2,245,0.00816326530612245,0.8163265306122449
mii,la,2,247,0.008097165991902834,0.8097165991902834
mii,nii,2,247,0.008097165991902834,0.8097165991902834
rii,m,2,256,0.0078125,0.78125
f,r,2,263,0.0076045627376425855,0.7604562737642585
f,faa,2,263,0.0076045627376425855,0.7604562737642585
bii,sa,2,263,0.0076045627376425855,0.7604562737642585
si,ħ,2,268,0.007462686567164179,0.7462686567164178
ʕi,ri,2,268,0.007462686567164179,0.7462686567164178
waa,w,2,272,0.007352941176470588,0.7352941176470588
waa,ʔa,2,272,0.007352941176470588,0.7352941176470588
ði,nð,2,274,0.0072992700729927005,0.7299270072992701
jK,j,2,282,0.0070921985815602835,0.7092198581560284
ða,xa,2,290,0.006896551724137931,0.6896551724137931
muu,θa,2,294,0.006802721088435374,0.6802721088435374
muu,la,2,294,0.006802721088435374,0.6802721088435374
sˤ,ʃ,2,306,0.006535947712418301,0.6535947712418301
sˤ,ʔa,2,306,0.006535947712418301,0.6535947712418301
sˤ,mu,2,306,0.006535947712418301,0.6535947712418301
sˤ,na,2,306,0.006535947712418301,0.6535947712418301
ʃa,y,2,313,0.006389776357827476,0.6389776357827476
ʃa,li,2,313,0.006389776357827476,0.6389776357827476
qu,qa,2,332,0.006024096385542169,0.6024096385542169
qu,huu,2,332,0.006024096385542169,0.6024096385542169
ʔu,rMu,2,333,0.006006006006006006,0.6006006006006006
bu,fu,2,339,0.0058997050147492625,0.5899705014749262
bu,laa,2,339,0.0058997050147492625,0.5899705014749262
nt,tu,2,345,0.005797101449275362,0.5797101449275363
rMu,mi,2,347,0.005763688760806916,0.5763688760806917
ni,ʕa,2,351,0.005698005698005698,0.5698005698005698
ni,mi,2,351,0.005698005698005698,0.5698005698005698
ni,wa,2,351,0.005698005698005698,0.5698005698005698
nuu,luu,2,364,0.005494505494505495,0.5494505494505495
h,n,2,369,0.005420054200542005,0.5420054200542005
h,ʔa,2,369,0.005420054200542005,0.5420054200542005
nu,ħ,2,378,0.005291005291005291,0.5291005291005291
nu,tˤaa,2,378,0.005291005291005291,0.5291005291005291
nu,na,2,378,0.005291005291005291,0.5291005291005291
nu,nuu,2,378,0.005291005291005291,0.5291005291005291
nu,yu,2,378,0.005291005291005291,0.5291005291005291
ħ,ħii,2,385,0.005194805194805195,0.5194805194805194
ħ,ma,2,385,0.005194805194805195,0.5194805194805194
ħ,na,2,385,0.005194805194805195,0.5194805194805194
kaa,wa,2,387,0.00516795865633075,0.516795865633075
ð,b,2,392,0.00510204081632653,0.5102040816326531
ð,ʔi,2,392,0.00510204081632653,0.5102040816326531
ð,ði,2,392,0.00510204081632653,0.5102040816326531
ð,ʕa,2,392,0.00510204081632653,0.5102040816326531
fii,tii,2,392,0.00510204081632653,0.5102040816326531
fii,fa,2,392,0.00510204081632653,0.5102040816326531
fii,qii,2,392,0.00510204081632653,0.5102040816326531
fii,la,2,392,0.00510204081632653,0.5102040816326531
lu,du,2,408,0.004901960784313725,0.49019607843137253
rMuu,ɣuu,2,423,0.004728132387706856,0.4728132387706856
rMaa,bK,2,438,0.0045662100456621,0.45662100456621
rMaa,rMuu,2,438,0.0045662100456621,0.45662100456621
rMaa,ɣaa,2,438,0.0045662100456621,0.45662100456621
ja,nn,2,440,0.004545454545454545,0.45454545454545453
ja,fa,2,440,0.004545454545454545,0.45454545454545453
ja,wa,2,440,0.004545454545454545,0.45454545454545453
yaa,ʔaa,2,444,0.0045045045045045045,0.45045045045045046
ha,ʔa,2,462,0.004329004329004329,0.4329004329004329
ha,ja,2,462,0.004329004329004329,0.4329004329004329
ha,laa,2,462,0.004329004329004329,0.4329004329004329
ħa,l,2,474,0.004219409282700422,0.42194092827004215
ðii,bii,2,475,0.004210526315789474,0.42105263157894735
ðii,na,2,475,0.004210526315789474,0.42105263157894735
ʔ,ʕ,2,476,0.004201680672268907,0.42016806722689076
ʔ,ta,2,476,0.004201680672268907,0.42016806722689076
ʔ,mu,2,476,0.004201680672268907,0.42016806722689076
ʔ,ya,2,476,0.004201680672268907,0.42016806722689076
ʔ,yu,2,476,0.004201680672268907,0.42016806722689076
luu,duu,2,478,0.0041841004184100415,0.41841004184100417
luu,na,2,478,0.0041841004184100415,0.41841004184100417
fi,wa,2,482,0.004149377593360996,0.4149377593360996
da,ta,2,492,0.0040650406504065045,0.40650406504065045
ri,fuu,2,496,0.004032258064516129,0.4032258064516129
yu,m,2,519,0.0038535645472061657,0.3853564547206166
yu,laa,2,519,0.0038535645472061657,0.3853564547206166
dK,<sil>,2,521,0.003838771593090211,0.3838771593090211
dK,ða,2,521,0.003838771593090211,0.3838771593090211
dK,naa,2,521,0.003838771593090211,0.3838771593090211
ʔaa,bi,2,553,0.003616636528028933,0.3616636528028933
r,rM,2,578,0.0034602076124567475,0.34602076124567477
r,ri,2,578,0.0034602076124567475,0.34602076124567477
t,l,2,634,0.0031545741324921135,0.31545741324921134
t,ta,2,634,0.0031545741324921135,0.31545741324921134
t,fi,2,634,0.0031545741324921135,0.31545741324921134
haa,<sil>,2,645,0.0031007751937984496,0.31007751937984496
haa,h,2,645,0.0031007751937984496,0.31007751937984496
haa,ʔaa,2,645,0.0031007751937984496,0.31007751937984496
haa,ðaa,2,645,0.0031007751937984496,0.31007751937984496
haa,rMa,2,645,0.0031007751937984496,0.31007751937984496
haa,sa,2,645,0.0031007751937984496,0.31007751937984496
ʕ,da,2,664,0.0030120481927710845,0.30120481927710846
ʕ,ʕa,2,664,0.0030120481927710845,0.30120481927710846
ʕ,ʕi,2,664,0.0030120481927710845,0.30120481927710846
ʕ,ma,2,664,0.0030120481927710845,0.30120481927710846
ti,ka,2,681,0.002936857562408223,0.2936857562408223
rM,w,2,720,0.002777777777777778,0.2777777777777778
rM,ta,2,720,0.002777777777777778,0.2777777777777778
rM,ju,2,720,0.002777777777777778,0.2777777777777778
sa,ns,2,725,0.002758620689655172,0.27586206896551724
sa,s,2,725,0.002758620689655172,0.27586206896551724
sa,fa,2,725,0.002758620689655172,0.27586206896551724
sa,qa,2,725,0.002758620689655172,0.27586206896551724
sa,maa,2,725,0.002758620689655172,0.27586206896551724
s,saa,2,751,0.002663115845539281,0.2663115845539281
s,tˤi,2,751,0.002663115845539281,0.2663115845539281
s,ma,2,751,0.002663115845539281,0.2663115845539281
hi,bi,2,815,0.00245398773006135,0.245398773006135
hi,ti,2,815,0.00245398773006135,0.245398773006135
hi,fi,2,815,0.00245398773006135,0.245398773006135
tu,nt,2,842,0.0023752969121140144,0.23752969121140144
tu,f,2,842,0.0023752969121140144,0.23752969121140144
tu,l,2,842,0.0023752969121140144,0.23752969121140144
tu,laa,2,842,0.0023752969121140144,0.23752969121140144
tu,maa,2,842,0.0023752969121140144,0.23752969121140144
qa,rM,2,849,0.002355712603062426,0.23557126030624262
qa,l,2,849,0.002355712603062426,0.23557126030624262
qa,ʔa,2,849,0.002355712603062426,0.23557126030624262
qa,hi,2,849,0.002355712603062426,0.23557126030624262
w,ji,2,987,0.002026342451874367,0.2026342451874367
w,ʕu,2,987,0.002026342451874367,0.2026342451874367
w,qa,2,987,0.002026342451874367,0.2026342451874367
w,wa,2,987,0.002026342451874367,0.2026342451874367
ba,qK,2,1008,0.001984126984126984,0.1984126984126984
ba,b,2,1008,0.001984126984126984,0.1984126984126984
ba,na,2,1008,0.001984126984126984,0.1984126984126984
ba,hii,2,1008,0.001984126984126984,0.1984126984126984
ku,nt,2,1044,0.0019157088122605363,0.19157088122605362
mu,<sil>,2,1138,0.0017574692442882249,0.17574692442882248
mu,bi,2,1138,0.0017574692442882249,0.17574692442882248
mu,ma,2,1138,0.0017574692442882249,0.17574692442882248
mu,hi,2,1138,0.0017574692442882249,0.17574692442882248
mu,yu,2,1138,0.0017574692442882249,0.17574692442882248
maa,<sil>,2,1261,0.0015860428231562252,0.1586042823156225
maa,l,2,1261,0.0015860428231562252,0.1586042823156225
maa,ʔa,2,1261,0.0015860428231562252,0.1586042823156225
maa,bi,2,1261,0.0015860428231562252,0.1586042823156225
maa,mi,2,1261,0.0015860428231562252,0.1586042823156225
maa,na,2,1261,0.0015860428231562252,0.1586042823156225
maa,waa,2,1261,0.0015860428231562252,0.1586042823156225
li,h,2,1295,0.0015444015444015444,0.15444015444015444
li,y,2,1295,0.0015444015444015444,0.15444015444015444
li,xaa,2,1295,0.0015444015444015444,0.15444015444015444
li,di,2,1295,0.0015444015444015444,0.15444015444015444
li,ri,2,1295,0.0015444015444015444,0.15444015444015444
li,za,2,1295,0.0015444015444015444,0.15444015444015444
li,ka,2,1295,0.0015444015444015444,0.15444015444015444
li,laa,2,1295,0.0015444015444015444,0.15444015444015444
naa,ʔa,2,1313,0.0015232292460015233,0.15232292460015232
y,ʔa,2,1322,0.0015128593040847202,0.15128593040847202
y,bi,2,1322,0.0015128593040847202,0.15128593040847202
y,xa,2,1322,0.0015128593040847202,0.15128593040847202
y,ri,2,1322,0.0015128593040847202,0.15128593040847202
y,tˤaa,2,1322,0.0015128593040847202,0.15128593040847202
y,naa,2,1322,0.0015128593040847202,0.15128593040847202
y,wi,2,1322,0.0015128593040847202,0.15128593040847202
mm,ʔi,2,1393,0.0014357501794687725,0.14357501794687724
mm,ba,2,1393,0.0014357501794687725,0.14357501794687724
mm,bi,2,1393,0.0014357501794687725,0.14357501794687724
mm,bu,2,1393,0.0014357501794687725,0.14357501794687724
mm,hu,2,1393,0.0014357501794687725,0.14357501794687724
ka,ð,2,1401,0.0014275517487508922,0.14275517487508924
ka,ʔa,2,1401,0.0014275517487508922,0.14275517487508924
ka,bi,2,1401,0.0014275517487508922,0.14275517487508924
ka,fa,2,1401,0.0014275517487508922,0.14275517487508924
ka,li,2,1401,0.0014275517487508922,0.14275517487508924
ka,na,2,1401,0.0014275517487508922,0.14275517487508924
bi,bK,2,1458,0.0013717421124828531,0.1371742112482853
bi,mm,2,1458,0.0013717421124828531,0.1371742112482853
bi,t,2,1458,0.0013717421124828531,0.1371742112482853
bi,l,2,1458,0.0013717421124828531,0.1371742112482853
bi,ði,2,1458,0.0013717421124828531,0.1371742112482853
bi,ri,2,1458,0.0013717421124828531,0.1371742112482853
bi,laa,2,1458,0.0013717421124828531,0.1371742112482853
bi,mi,2,1458,0.0013717421124828531,0.1371742112482853
bi,hii,2,1458,0.0013717421124828531,0.1371742112482853
bi,wa,2,1458,0.0013717421124828531,0.1371742112482853
mi,ni,2,1473,0.0013577732518669382,0.1357773251866938
mi,naa,2,1473,0.0013577732518669382,0.1357773251866938
mi,nuu,2,1473,0.0013577732518669382,0.1357773251866938
mi,haa,2,1473,0.0013577732518669382,0.1357773251866938
rMa,ħ,2,1567,0.0012763241863433313,0.12763241863433314
rMa,ti,2,1567,0.0012763241863433313,0.12763241863433314
rMa,da,2,1567,0.0012763241863433313,0.12763241863433314
rMa,ma,2,1567,0.0012763241863433313,0.12763241863433314
fa,anf,2,1661,0.0012040939193257074,0.12040939193257075
fa,θa,2,1661,0.0012040939193257074,0.12040939193257075
fa,fii,2,1661,0.0012040939193257074,0.12040939193257075
fa,ka,2,1661,0.0012040939193257074,0.12040939193257075
ʕa,f,2,1714,0.0011668611435239206,0.11668611435239205
ʕa,ʔa,2,1714,0.0011668611435239206,0.11668611435239205
ʕa,ka,2,1714,0.0011668611435239206,0.11668611435239205
ʕa,la,2,1714,0.0011668611435239206,0.11668611435239205
ʕa,ma,2,1714,0.0011668611435239206,0.11668611435239205
ʕa,hu,2,1714,0.0011668611435239206,0.11668611435239205
ʕa,wa,2,1714,0.0011668611435239206,0.11668611435239205
hu,t,2,1731,0.0011554015020219526,0.11554015020219525
hu,w,2,1731,0.0011554015020219526,0.11554015020219525
hu,rMu,2,1731,0.0011554015020219526,0.11554015020219525
hu,sa,2,1731,0.0011554015020219526,0.11554015020219525
ya,nðˤ,2,1751,0.001142204454597373,0.1142204454597373
ya,l,2,1751,0.001142204454597373,0.1142204454597373
ya,w,2,1751,0.001142204454597373,0.1142204454597373
ya,ta,2,1751,0.001142204454597373,0.1142204454597373
ya,fa,2,1751,0.001142204454597373,0.1142204454597373
ya,nuu,2,1751,0.001142204454597373,0.1142204454597373
ya,ha,2,1751,0.001142204454597373,0.1142204454597373
ya,haa,2,1751,0.001142204454597373,0.1142204454597373
ya,waa,2,1751,0.001142204454597373,0.1142204454597373
ma,ʕaa,2,1849,0.001081665765278529,0.1081665765278529
ma,luu,2,1849,0.001081665765278529,0.1081665765278529
ma,hii,2,1849,0.001081665765278529,0.1081665765278529
ta,nt,2,1890,0.0010582010582010583,0.10582010582010583
ta,bK,2,1890,0.0010582010582010583,0.10582010582010583
ta,maa,2,1890,0.0010582010582010583,0.10582010582010583
ta,na,2,1890,0.0010582010582010583,0.10582010582010583
ta,haa,2,1890,0.0010582010582010583,0.10582010582010583
laa,jaa,2,2074,0.0009643201542912247,0.09643201542912247
laa,dˤa,2,2074,0.0009643201542912247,0.09643201542912247
laa,hu,2,2074,0.0009643201542912247,0.09643201542912247
laa,yu,2,2074,0.0009643201542912247,0.09643201542912247
ʔi,l,2,2291,0.0008729812309035355,0.08729812309035355
ʔi,ba,2,2291,0.0008729812309035355,0.08729812309035355
ʔi,fa,2,2291,0.0008729812309035355,0.08729812309035355
ʔi,la,2,2291,0.0008729812309035355,0.08729812309035355
ʔi,laa,2,2291,0.0008729812309035355,0.08729812309035355
ʔi,na,2,2291,0.0008729812309035355,0.08729812309035355
ʔi,wa,2,2291,0.0008729812309035355,0.08729812309035355
m,ðˤii,2,2360,0.000847457627118644,0.0847457627118644
m,fii,2,2360,0.000847457627118644,0.0847457627118644
m,luu,2,2360,0.000847457627118644,0.0847457627118644
m,huu,2,2360,0.000847457627118644,0.0847457627118644
n,s,2,2386,0.0008382229673093043,0.08382229673093043
n,l,2,2386,0.0008382229673093043,0.08382229673093043
n,m,2,2386,0.0008382229673093043,0.08382229673093043
n,bii,2,2386,0.0008382229673093043,0.08382229673093043
n,buu,2,2386,0.0008382229673093043,0.08382229673093043
n,ħuu,2,2386,0.0008382229673093043,0.08382229673093043
n,dii,2,2386,0.0008382229673093043,0.08382229673093043
n,qii,2,2386,0.0008382229673093043,0.08382229673093043
n,quu,2,2386,0.0008382229673093043,0.08382229673093043
n,nii,2,2386,0.0008382229673093043,0.08382229673093043
n,hii,2,2386,0.0008382229673093043,0.08382229673093043
ʔa,<sil>,2,2975,0.0006722689075630252,0.06722689075630252
ʔa,dK,2,2975,0.0006722689075630252,0.06722689075630252
ʔa,rM,2,2975,0.0006722689075630252,0.06722689075630252
ʔa,w,2,2975,0.0006722689075630252,0.06722689075630252
ʔa,ta,2,2975,0.0006722689075630252,0.06722689075630252
ʔa,sa,2,2975,0.0006722689075630252,0.06722689075630252
ʔa,fa,2,2975,0.0006722689075630252,0.06722689075630252
ʔa,ka,2,2975,0.0006722689075630252,0.06722689075630252
ʔa,la,2,2975,0.0006722689075630252,0.06722689075630252
ʔa,li,2,2975,0.0006722689075630252,0.06722689075630252
ʔa,huu,2,2975,0.0006722689075630252,0.06722689075630252
ʔa,ya,2,2975,0.0006722689075630252,0.06722689075630252
na,t,2,3188,0.0006273525721455458,0.06273525721455457
na,ʔaa,2,3188,0.0006273525721455458,0.06273525721455457
na,bi,2,3188,0.0006273525721455458,0.06273525721455457
na,qa,2,3188,0.0006273525721455458,0.06273525721455457
na,naa,2,3188,0.0006273525721455458,0.06273525721455457
na,wa,2,3188,0.0006273525721455458,0.06273525721455457
la,bK,2,3719,0.0005377789728421619,0.05377789728421619
la,ba,2,3719,0.0005377789728421619,0.05377789728421619
la,ti,2,3719,0.0005377789728421619,0.05377789728421619
la,xa,2,3719,0.0005377789728421619,0.05377789728421619
la,qaa,2,3719,0.0005377789728421619,0.05377789728421619
la,ku,2,3719,0.0005377789728421619,0.05377789728421619
la,mu,2,3719,0.0005377789728421619,0.05377789728421619
la,maa,2,3719,0.0005377789728421619,0.05377789728421619
wa,ʃ,2,3862,0.0005178663904712584,0.05178663904712584
wa,y,2,3862,0.0005178663904712584,0.05178663904712584
wa,ba,2,3862,0.0005178663904712584,0.05178663904712584
wa,tu,2,3862,0.0005178663904712584,0.05178663904712584
wa,fii,2,3862,0.0005178663904712584,0.05178663904712584
wa,ka,2,3862,0.0005178663904712584,0.05178663904712584
wa,li,2,3862,0.0005178663904712584,0.05178663904712584
wa,na,2,3862,0.0005178663904712584,0.05178663904712584
wa,naa,2,3862,0.0005178663904712584,0.05178663904712584
wa,hi,2,3862,0.0005178663904712584,0.05178663904712584
wa,hii,2,3862,0.0005178663904712584,0.05178663904712584
l,ʔaa,2,4749,0.0004211412929037692,0.04211412929037692
l,baa,2,4749,0.0004211412929037692,0.04211412929037692
l,ħa,2,4749,0.0004211412929037692,0.04211412929037692
l,da,2,4749,0.0004211412929037692,0.04211412929037692
l,dˤaa,2,4749,0.0004211412929037692,0.04211412929037692
l,ɣa,2,4749,0.0004211412929037692,0.04211412929037692
l,fa,2,4749,0.0004211412929037692,0.04211412929037692
l,qi,2,4749,0.0004211412929037692,0.04211412929037692
l,luu,2,4749,0.0004211412929037692,0.04211412929037692
l,ha,2,4749,0.0004211412929037692,0.04211412929037692
<sil>,rM,2,5640,0.0003546099290780142,0.03546099290780142
<sil>,l,2,5640,0.0003546099290780142,0.03546099290780142
<sil>,ʔi,2,5640,0.0003546099290780142,0.03546099290780142
<sil>,baa,2,5640,0.0003546099290780142,0.03546099290780142
<sil>,ʕaa,2,5640,0.0003546099290780142,0.03546099290780142
<sil>,li,2,5640,0.0003546099290780142,0.03546099290780142
inðˤ,nðˤ,1,1,1.0,100.0
θan,θaa,1,1,1.0,100.0
dˤun,m,1,1,1.0,100.0
ɣan,ɣa,1,1,1.0,100.0
qun,qu,1,1,1.0,100.0
kun,ʔa,1,1,1.0,100.0
unð,zu,1,2,0.5,50.0
unj,dK,1,2,0.5,50.0
jan,jaa,1,2,0.5,50.0
ðan,ʔa,1,2,0.5,50.0
fin,qin,1,2,0.5,50.0
ind,daa,1,3,0.3333333333333333,33.33333333333333
unθ,nt,1,3,0.3333333333333333,33.33333333333333
antˤ,anq,1,4,0.25,25.0
antˤ,ww,1,4,0.25,25.0
antˤ,tˤa,1,4,0.25,25.0
ʕan,ʕa,1,4,0.25,25.0
ʕan,ʕaa,1,4,0.25,25.0
qan,ʕa,1,4,0.25,25.0
nun,n,1,4,0.25,25.0
nin,mi,1,6,0.16666666666666666,16.666666666666664
dun,tun,1,7,0.14285714285714285,14.285714285714285
inð,mm,1,8,0.125,12.5
ins,l,1,8,0.125,12.5
ndˤ,tˤa,1,9,0.1111111111111111,11.11111111111111
ʔun,y,1,9,0.1111111111111111,11.11111111111111
ħan,ħa,1,9,0.1111111111111111,11.11111111111111
ʃii,ʃa,1,9,0.1111111111111111,11.11111111111111
ðˤuu,buu,1,9,0.1111111111111111,11.11111111111111
ʃuu,nʃ,1,10,0.1,10.0
ʃuu,ʃu,1,10,0.1,10.0
anʃ,bK,1,11,0.09090909090909091,9.090909090909092
inq,nq,1,11,0.09090909090909091,9.090909090909092
inq,ʔ,1,11,0.09090909090909091,9.090909090909092
unq,qa,1,11,0.09090909090909091,9.090909090909092
xuu,hu,1,12,0.08333333333333333,8.333333333333332
zuu,suu,1,12,0.08333333333333333,8.333333333333332
ɣii,rMaa,1,12,0.08333333333333333,8.333333333333332
ɣii,dˤii,1,12,0.08333333333333333,8.333333333333332
lan,w,1,12,0.08333333333333333,8.333333333333332
lan,laa,1,12,0.08333333333333333,8.333333333333332
nθ,nf,1,14,0.07142857142857142,7.142857142857142
nθ,nt,1,14,0.07142857142857142,7.142857142857142
nθ,unf,1,14,0.07142857142857142,7.142857142857142
nθ,θaa,1,14,0.07142857142857142,7.142857142857142
nθ,ma,1,14,0.07142857142857142,7.142857142857142
anq,nq,1,14,0.07142857142857142,7.142857142857142
anq,antˤ,1,14,0.07142857142857142,7.142857142857142
anq,anf,1,14,0.07142857142857142,7.142857142857142
tun,l,1,14,0.07142857142857142,7.142857142857142
tun,ba,1,14,0.07142857142857142,7.142857142857142
ɣuu,ʔuu,1,14,0.07142857142857142,7.142857142857142
rMan,anf,1,15,0.06666666666666667,6.666666666666667
tˤu,tˤK,1,15,0.06666666666666667,6.666666666666667
tˤu,qu,1,15,0.06666666666666667,6.666666666666667
man,n,1,15,0.06666666666666667,6.666666666666667
wii,zii,1,16,0.0625,6.25
anθ,anf,1,17,0.058823529411764705,5.88235294117647
ɣi,bi,1,18,0.05555555555555555,5.555555555555555
ɣi,ta,1,18,0.05555555555555555,5.555555555555555
ɣi,ði,1,18,0.05555555555555555,5.555555555555555
rMun,y,1,19,0.05263157894736842,5.263157894736842
sˤuu,ʃii,1,19,0.05263157894736842,5.263157894736842
sˤuu,fuu,1,19,0.05263157894736842,5.263157894736842
sˤuu,qu,1,19,0.05263157894736842,5.263157894736842
ʔin,y,1,20,0.05,5.0
ʔin,rii,1,20,0.05,5.0
mun,kii,1,20,0.05,5.0
ntˤ,tˤa,1,22,0.045454545454545456,4.545454545454546
wuu,wu,1,22,0.045454545454545456,4.545454545454546
min,n,1,25,0.04,4.0
min,ʕii,1,25,0.04,4.0
ank,nk,1,26,0.038461538461538464,3.8461538461538463
ank,daa,1,26,0.038461538461538464,3.8461538461538463
ðˤi,rii,1,26,0.038461538461538464,3.8461538461538463
ðˤi,dˤi,1,26,0.038461538461538464,3.8461538461538463
θi,ki,1,29,0.034482758620689655,3.4482758620689653
nj,nu,1,30,0.03333333333333333,3.3333333333333335
θuu,tuu,1,31,0.03225806451612903,3.225806451612903
θuu,rMu,1,31,0.03225806451612903,3.225806451612903
θuu,ʕuu,1,31,0.03225806451612903,3.225806451612903
θuu,na,1,31,0.03225806451612903,3.225806451612903
jii,m,1,31,0.03225806451612903,3.225806451612903
jii,ʕa,1,31,0.03225806451612903,3.225806451612903
tˤuu,s,1,31,0.03225806451612903,3.225806451612903
tan,ʔi,1,32,0.03125,3.125
tan,ʕi,1,32,0.03125,3.125
tan,ma,1,32,0.03125,3.125
θaa,<sil>,1,32,0.03125,3.125
θaa,m,1,32,0.03125,3.125
θaa,ti,1,32,0.03125,3.125
θaa,taa,1,32,0.03125,3.125
θaa,zaa,1,32,0.03125,3.125
θaa,fa,1,32,0.03125,3.125
θaa,faa,1,32,0.03125,3.125
θaa,qi,1,32,0.03125,3.125
θaa,qaa,1,32,0.03125,3.125
ʃu,ħu,1,34,0.029411764705882353,2.941176470588235
ʃu,ʃi,1,34,0.029411764705882353,2.941176470588235
dˤuu,muu,1,34,0.029411764705882353,2.941176470588235
dˤaa,li,1,36,0.027777777777777776,2.7777777777777777
dˤaa,laa,1,36,0.027777777777777776,2.7777777777777777
θii,ka,1,37,0.02702702702702703,2.7027027027027026
ɣu,l,1,37,0.02702702702702703,2.7027027027027026
ɣu,laa,1,37,0.02702702702702703,2.7027027027027026
tˤ,rM,1,38,0.02631578947368421,2.631578947368421
tˤ,dˤ,1,38,0.02631578947368421,2.631578947368421
tˤ,q,1,38,0.02631578947368421,2.631578947368421
tˤ,tˤaa,1,38,0.02631578947368421,2.631578947368421
ʔii,l,1,38,0.02631578947368421,2.631578947368421
ʔii,bii,1,38,0.02631578947368421,2.631578947368421
ʔii,ki,1,38,0.02631578947368421,2.631578947368421
inf,inθ,1,39,0.02564102564102564,2.564102564102564
yii,ʃa,1,40,0.025,2.5
ðuu,buu,1,43,0.023255813953488372,2.3255813953488373
ðuu,juu,1,43,0.023255813953488372,2.3255813953488373
ðuu,ʕaa,1,43,0.023255813953488372,2.3255813953488373
ðuu,haa,1,43,0.023255813953488372,2.3255813953488373
wi,nq,1,45,0.022222222222222223,2.2222222222222223
wi,su,1,45,0.022222222222222223,2.2222222222222223
wi,ɣi,1,45,0.022222222222222223,2.2222222222222223
nð,tu,1,46,0.021739130434782608,2.1739130434782608
ðˤii,dˤii,1,48,0.020833333333333332,2.083333333333333
ðˤii,ʕa,1,48,0.020833333333333332,2.083333333333333
ðu,unð,1,49,0.02040816326530612,2.0408163265306123
ðu,l,1,49,0.02040816326530612,2.0408163265306123
ðu,du,1,49,0.02040816326530612,2.0408163265306123
ðu,zu,1,49,0.02040816326530612,2.0408163265306123
ðu,dˤu,1,49,0.02040816326530612,2.0408163265306123
dˤu,ʕa,1,53,0.018867924528301886,1.8867924528301887
dˤu,qu,1,53,0.018867924528301886,1.8867924528301887
nʃ,ma,1,54,0.018518518518518517,1.8518518518518516
nʃ,ya,1,54,0.018518518518518517,1.8518518518518516
j,ja,1,55,0.01818181818181818,1.8181818181818181
j,rMa,1,55,0.01818181818181818,1.8181818181818181
sˤii,sˤa,1,55,0.01818181818181818,1.8181818181818181
sˤii,la,1,55,0.01818181818181818,1.8181818181818181
ðˤaa,xaa,1,55,0.01818181818181818,1.8181818181818181
ðˤaa,li,1,55,0.01818181818181818,1.8181818181818181
ðˤaa,man,1,55,0.01818181818181818,1.8181818181818181
wu,l,1,56,0.017857142857142856,1.7857142857142856
wu,daa,1,56,0.017857142857142856,1.7857142857142856
wu,rMu,1,56,0.017857142857142856,1.7857142857142856
wu,hu,1,56,0.017857142857142856,1.7857142857142856
wu,wa,1,56,0.017857142857142856,1.7857142857142856
zu,nz,1,57,0.017543859649122806,1.7543859649122806
zu,ju,1,57,0.017543859649122806,1.7543859649122806
zu,du,1,57,0.017543859649122806,1.7543859649122806
zu,zii,1,57,0.017543859649122806,1.7543859649122806
ðˤu,bu,1,57,0.017543859649122806,1.7543859649122806
ðˤu,qu,1,57,0.017543859649122806,1.7543859649122806
nz,ma,1,59,0.01694915254237288,1.694915254237288
ɣaa,ʔa,1,59,0.01694915254237288,1.694915254237288
ɣaa,si,1,59,0.01694915254237288,1.694915254237288
ɣaa,qaa,1,59,0.01694915254237288,1.694915254237288
juu,nj,1,63,0.015873015873015872,1.5873015873015872
juu,haa,1,63,0.015873015873015872,1.5873015873015872
sˤu,d,1,64,0.015625,1.5625
sˤu,ʃu,1,64,0.015625,1.5625
sˤu,ka,1,64,0.015625,1.5625
sˤu,li,1,64,0.015625,1.5625
sˤu,ya,1,64,0.015625,1.5625
tˤii,xa,1,64,0.015625,1.5625
ħuu,ʔi,1,65,0.015384615384615385,1.5384615384615385
ħuu,rMa,1,65,0.015384615384615385,1.5384615384615385
ħuu,ya,1,65,0.015384615384615385,1.5384615384615385
tˤi,ti,1,65,0.015384615384615385,1.5384615384615385
tˤi,rMaa,1,65,0.015384615384615385,1.5384615384615385
tˤi,qi,1,65,0.015384615384615385,1.5384615384615385
tˤK,ħi,1,66,0.015151515151515152,1.5151515151515151
tˤK,wa,1,66,0.015151515151515152,1.5151515151515151
yuu,su,1,66,0.015151515151515152,1.5151515151515151
yuu,nuu,1,66,0.015151515151515152,1.5151515151515151
ðˤ,dˤ,1,67,0.014925373134328358,1.4925373134328357
ðˤ,ʕa,1,67,0.014925373134328358,1.4925373134328357
ðˤ,ha,1,67,0.014925373134328358,1.4925373134328357
kii,ħa,1,67,0.014925373134328358,1.4925373134328357
kii,laa,1,67,0.014925373134328358,1.4925373134328357
kii,ma,1,67,0.014925373134328358,1.4925373134328357
kii,na,1,67,0.014925373134328358,1.4925373134328357
kii,wa,1,67,0.014925373134328358,1.4925373134328357
zaa,maa,1,68,0.014705882352941176,1.4705882352941175
ðˤa,nn,1,71,0.014084507042253521,1.4084507042253522
tuu,qa,1,75,0.013333333333333334,1.3333333333333335
tˤaa,ʕ,1,78,0.01282051282051282,1.282051282051282
tˤaa,l,1,78,0.01282051282051282,1.282051282051282
tˤaa,y,1,78,0.01282051282051282,1.282051282051282
tˤaa,ri,1,78,0.01282051282051282,1.282051282051282
tˤaa,ni,1,78,0.01282051282051282,1.282051282051282
tˤaa,nun,1,78,0.01282051282051282,1.282051282051282
ħu,ħuu,1,79,0.012658227848101266,1.2658227848101267
ħu,fu,1,79,0.012658227848101266,1.2658227848101267
ħu,ku,1,79,0.012658227848101266,1.2658227848101267
ħu,hu,1,79,0.012658227848101266,1.2658227848101267
ħu,huu,1,79,0.012658227848101266,1.2658227848101267
ʃaa,<sil>,1,81,0.012345679012345678,1.2345679012345678
ʃaa,ki,1,81,0.012345679012345678,1.2345679012345678
ʔuu,ma,1,83,0.012048192771084338,1.2048192771084338
zi,dK,1,84,0.011904761904761904,1.1904761904761905
zi,h,1,84,0.011904761904761904,1.1904761904761905
zi,ʔi,1,84,0.011904761904761904,1.1904761904761905
zi,ta,1,84,0.011904761904761904,1.1904761904761905
zi,ji,1,84,0.011904761904761904,1.1904761904761905
zi,rMu,1,84,0.011904761904761904,1.1904761904761905
zi,qii,1,84,0.011904761904761904,1.1904761904761905
zi,naa,1,84,0.011904761904761904,1.1904761904761905
nf,nj,1,88,0.011363636363636364,1.1363636363636365
nf,nt,1,88,0.011363636363636364,1.1363636363636365
nf,fi,1,88,0.011363636363636364,1.1363636363636365
nf,fu,1,88,0.011363636363636364,1.1363636363636365
nf,wa,1,88,0.011363636363636364,1.1363636363636365
dˤ,baa,1,88,0.011363636363636364,1.1363636363636365
dˤ,dˤi,1,88,0.011363636363636364,1.1363636363636365
dˤ,dˤu,1,88,0.011363636363636364,1.1363636363636365
ju,unj,1,89,0.011235955056179775,1.1235955056179776
ju,ʃ,1,89,0.011235955056179775,1.1235955056179776
ju,juu,1,89,0.011235955056179775,1.1235955056179776
ju,wa,1,89,0.011235955056179775,1.1235955056179776
ns,ʔa,1,90,0.011111111111111112,1.1111111111111112
ns,ʔi,1,90,0.011111111111111112,1.1111111111111112
ns,saa,1,90,0.011111111111111112,1.1111111111111112
ns,mi,1,90,0.011111111111111112,1.1111111111111112
tii,ʔ,1,91,0.01098901098901099,1.098901098901099
tii,n,1,91,0.01098901098901099,1.098901098901099
tii,ti,1,91,0.01098901098901099,1.098901098901099
tii,la,1,91,0.01098901098901099,1.098901098901099
tii,ma,1,91,0.01098901098901099,1.098901098901099
tii,yaa,1,91,0.01098901098901099,1.098901098901099
suu,l,1,93,0.010752688172043012,1.0752688172043012
suu,rMa,1,93,0.010752688172043012,1.0752688172043012
suu,ʃuu,1,93,0.010752688172043012,1.0752688172043012
suu,huu,1,93,0.010752688172043012,1.0752688172043012
anf,nf,1,95,0.010526315789473684,1.0526315789473684
anf,li,1,95,0.010526315789473684,1.0526315789473684
fuu,rMu,1,98,0.01020408163265306,1.0204081632653061
fuu,ðˤa,1,98,0.01020408163265306,1.0204081632653061
ʃi,ʃ,1,99,0.010101010101010102,1.0101010101010102
ʃi,maa,1,99,0.010101010101010102,1.0101010101010102
ʕii,ba,1,104,0.009615384615384616,0.9615384615384616
ʕii,duu,1,104,0.009615384615384616,0.9615384615384616
ʕii,rMaa,1,104,0.009615384615384616,0.9615384615384616
ʕii,ʕi,1,104,0.009615384615384616,0.9615384615384616
ʕii,ɣii,1,104,0.009615384615384616,0.9615384615384616
ʕii,haa,1,104,0.009615384615384616,0.9615384615384616
nd,nt,1,106,0.009433962264150943,0.9433962264150944
nd,da,1,106,0.009433962264150943,0.9433962264150944
nd,ʕi,1,106,0.009433962264150943,0.9433962264150944
nd,mi,1,106,0.009433962264150943,0.9433962264150944
nq,nk,1,108,0.009259259259259259,0.9259259259259258
nq,ða,1,108,0.009259259259259259,0.9259259259259258
nq,fa,1,108,0.009259259259259259,0.9259259259259258
nq,ya,1,108,0.009259259259259259,0.9259259259259258
yi,ħ,1,112,0.008928571428571428,0.8928571428571428
yi,ba,1,112,0.008928571428571428,0.8928571428571428
yi,ħii,1,112,0.008928571428571428,0.8928571428571428
yi,ʕa,1,112,0.008928571428571428,0.8928571428571428
yi,ʕii,1,112,0.008928571428571428,0.8928571428571428
yi,lii,1,112,0.008928571428571428,0.8928571428571428
yi,na,1,112,0.008928571428571428,0.8928571428571428
yi,haa,1,112,0.008928571428571428,0.8928571428571428
faa,l,1,113,0.008849557522123894,0.8849557522123894
faa,taa,1,113,0.008849557522123894,0.8849557522123894
faa,θaa,1,113,0.008849557522123894,0.8849557522123894
xaa,m,1,118,0.00847457627118644,0.847457627118644
xaa,tu,1,118,0.00847457627118644,0.847457627118644
xaa,fii,1,118,0.00847457627118644,0.847457627118644
sˤi,sˤ,1,119,0.008403361344537815,0.8403361344537815
sˤi,l,1,119,0.008403361344537815,0.8403361344537815
kuu,ʔ,1,121,0.008264462809917356,0.8264462809917356
ħii,taa,1,123,0.008130081300813009,0.8130081300813009
ħii,yi,1,123,0.008130081300813009,0.8130081300813009
ɣ,x,1,124,0.008064516129032258,0.8064516129032258
ɣ,d,1,124,0.008064516129032258,0.8064516129032258
ɣ,r,1,124,0.008064516129032258,0.8064516129032258
ɣ,ʔu,1,124,0.008064516129032258,0.8064516129032258
xi,ʔaa,1,124,0.008064516129032258,0.8064516129032258
xi,bi,1,124,0.008064516129032258,0.8064516129032258
xi,sa,1,124,0.008064516129032258,0.8064516129032258
xi,mu,1,124,0.008064516129032258,0.8064516129032258
q,ħa,1,128,0.0078125,0.78125
q,ʃa,1,128,0.0078125,0.78125
q,fa,1,128,0.0078125,0.78125
q,qi,1,128,0.0078125,0.78125
q,waa,1,128,0.0078125,0.78125
fu,f,1,128,0.0078125,0.78125
fu,sa,1,128,0.0078125,0.78125
fu,laa,1,128,0.0078125,0.78125
fu,wa,1,128,0.0078125,0.78125
θa,k,1,130,0.007692307692307693,0.7692307692307693
θa,da,1,130,0.007692307692307693,0.7692307692307693
θa,rMa,1,130,0.007692307692307693,0.7692307692307693
θa,sa,1,130,0.007692307692307693,0.7692307692307693
θa,ka,1,130,0.007692307692307693,0.7692307692307693
θa,li,1,130,0.007692307692307693,0.7692307692307693
θa,lu,1,130,0.007692307692307693,0.7692307692307693
θa,laa,1,130,0.007692307692307693,0.7692307692307693
θa,na,1,130,0.007692307692307693,0.7692307692307693
z,zii,1,133,0.007518796992481203,0.7518796992481203
ħi,l,1,146,0.00684931506849315,0.684931506849315
ħi,tu,1,146,0.00684931506849315,0.684931506849315
ħi,ħa,1,146,0.00684931506849315,0.684931506849315
ħi,xi,1,146,0.00684931506849315,0.684931506849315
ħi,ʃa,1,146,0.00684931506849315,0.684931506849315
ħi,tˤi,1,146,0.00684931506849315,0.684931506849315
ħi,fi,1,146,0.00684931506849315,0.684931506849315
ħi,qi,1,146,0.00684931506849315,0.684931506849315
ħi,haa,1,146,0.00684931506849315,0.684931506849315
ħi,waa,1,146,0.00684931506849315,0.684931506849315
dˤa,ri,1,149,0.006711409395973154,0.6711409395973155
dˤa,ðˤa,1,149,0.006711409395973154,0.6711409395973155
dˤa,ɣa,1,149,0.006711409395973154,0.6711409395973155
dˤa,mi,1,149,0.006711409395973154,0.6711409395973155
dˤi,qK,1,151,0.006622516556291391,0.6622516556291391
dˤi,rM,1,151,0.006622516556291391,0.6622516556291391
dˤi,m,1,151,0.006622516556291391,0.6622516556291391
dˤi,bi,1,151,0.006622516556291391,0.6622516556291391
dˤi,dˤa,1,151,0.006622516556291391,0.6622516556291391
ɣa,n,1,153,0.006535947712418301,0.6535947712418301
ɣa,ʔu,1,153,0.006535947712418301,0.6535947712418301
ɣa,zaa,1,153,0.006535947712418301,0.6535947712418301
ɣa,ɣu,1,153,0.006535947712418301,0.6535947712418301
ɣa,fuu,1,153,0.006535947712418301,0.6535947712418301
jaa,j,1,154,0.006493506493506494,0.6493506493506493
jaa,ʕ,1,154,0.006493506493506494,0.6493506493506493
jaa,ni,1,154,0.006493506493506494,0.6493506493506493
qii,θii,1,155,0.0064516129032258064,0.6451612903225806
qii,kii,1,155,0.0064516129032258064,0.6451612903225806
tˤa,qK,1,161,0.006211180124223602,0.6211180124223602
tˤa,ʕ,1,161,0.006211180124223602,0.6211180124223602
tˤa,y,1,161,0.006211180124223602,0.6211180124223602
tˤa,xi,1,161,0.006211180124223602,0.6211180124223602
tˤa,fa,1,161,0.006211180124223602,0.6211180124223602
ħaa,sˤ,1,162,0.006172839506172839,0.6172839506172839
ħaa,bu,1,162,0.006172839506172839,0.6172839506172839
ħaa,sa,1,162,0.006172839506172839,0.6172839506172839
za,ħ,1,172,0.005813953488372093,0.5813953488372093
za,k,1,172,0.005813953488372093,0.5813953488372093
za,w,1,172,0.005813953488372093,0.5813953488372093
za,θa,1,172,0.005813953488372093,0.5813953488372093
za,sa,1,172,0.005813953488372093,0.5813953488372093
za,wa,1,172,0.005813953488372093,0.5813953488372093
su,nq,1,172,0.005813953488372093,0.5813953488372093
su,tˤK,1,172,0.005813953488372093,0.5813953488372093
su,bK,1,172,0.005813953488372093,0.5813953488372093
su,s,1,172,0.005813953488372093,0.5813953488372093
su,ʃ,1,172,0.005813953488372093,0.5813953488372093
su,l,1,172,0.005813953488372093,0.5813953488372093
su,m,1,172,0.005813953488372093,0.5813953488372093
su,ʔi,1,172,0.005813953488372093,0.5813953488372093
su,ju,1,172,0.005813953488372093,0.5813953488372093
su,rMu,1,172,0.005813953488372093,0.5813953488372093
sˤaa,bK,1,173,0.005780346820809248,0.5780346820809248
sˤaa,sˤ,1,173,0.005780346820809248,0.5780346820809248
sˤaa,l,1,173,0.005780346820809248,0.5780346820809248
buu,ði,1,174,0.005747126436781609,0.5747126436781609
buu,dˤuu,1,174,0.005747126436781609,0.5747126436781609
buu,quu,1,174,0.005747126436781609,0.5747126436781609
buu,ka,1,174,0.005747126436781609,0.5747126436781609
buu,kuu,1,174,0.005747126436781609,0.5747126436781609
buu,la,1,174,0.005747126436781609,0.5747126436781609
buu,ha,1,174,0.005747126436781609,0.5747126436781609
dii,bK,1,176,0.005681818181818182,0.5681818181818182
dii,y,1,176,0.005681818181818182,0.5681818181818182
dii,ʃa,1,176,0.005681818181818182,0.5681818181818182
dii,qa,1,176,0.005681818181818182,0.5681818181818182
θu,<sil>,1,181,0.0055248618784530384,0.5524861878453038
θu,ħu,1,181,0.0055248618784530384,0.5524861878453038
θu,su,1,181,0.0055248618784530384,0.5524861878453038
θu,fu,1,181,0.0055248618784530384,0.5524861878453038
ʕu,d,1,181,0.0055248618784530384,0.5524861878453038
ʕu,ð,1,181,0.0055248618784530384,0.5524861878453038
ʕu,ʔu,1,181,0.0055248618784530384,0.5524861878453038
ʕu,da,1,181,0.0055248618784530384,0.5524861878453038
ʕu,rMuu,1,181,0.0055248618784530384,0.5524861878453038
ʕu,qa,1,181,0.0055248618784530384,0.5524861878453038
ʕu,qaa,1,181,0.0055248618784530384,0.5524861878453038
ʕu,mi,1,181,0.0055248618784530384,0.5524861878453038
ʕu,na,1,181,0.0055248618784530384,0.5524861878453038
ji,nj,1,190,0.005263157894736842,0.5263157894736842
ji,mm,1,190,0.005263157894736842,0.5263157894736842
ji,ti,1,190,0.005263157894736842,0.5263157894736842
ji,ka,1,190,0.005263157894736842,0.5263157894736842
ji,ki,1,190,0.005263157894736842,0.5263157894736842
ji,wa,1,190,0.005263157894736842,0.5263157894736842
ji,ya,1,190,0.005263157894736842,0.5263157894736842
daa,rM,1,192,0.005208333333333333,0.5208333333333333
daa,n,1,192,0.005208333333333333,0.5208333333333333
daa,ʔi,1,192,0.005208333333333333,0.5208333333333333
daa,duu,1,192,0.005208333333333333,0.5208333333333333
daa,dˤu,1,192,0.005208333333333333,0.5208333333333333
daa,hii,1,192,0.005208333333333333,0.5208333333333333
nk,ʔi,1,199,0.005025125628140704,0.5025125628140703
nk,ku,1,199,0.005025125628140704,0.5025125628140703
sˤa,sˤ,1,202,0.0049504950495049506,0.49504950495049505
sˤa,f,1,202,0.0049504950495049506,0.49504950495049505
sˤa,bi,1,202,0.0049504950495049506,0.49504950495049505
sˤa,ɣii,1,202,0.0049504950495049506,0.49504950495049505
sˤa,na,1,202,0.0049504950495049506,0.49504950495049505
x,f,1,206,0.0048543689320388345,0.48543689320388345
x,ʔi,1,206,0.0048543689320388345,0.48543689320388345
x,ta,1,206,0.0048543689320388345,0.48543689320388345
x,juu,1,206,0.0048543689320388345,0.48543689320388345
x,na,1,206,0.0048543689320388345,0.48543689320388345
x,haa,1,206,0.0048543689320388345,0.48543689320388345
ʕaa,s,1,211,0.004739336492890996,0.47393364928909953
ʕaa,l,1,211,0.004739336492890996,0.47393364928909953
ʕaa,m,1,211,0.004739336492890996,0.47393364928909953
ʕaa,ʔin,1,211,0.004739336492890996,0.47393364928909953
ʕaa,ri,1,211,0.004739336492890996,0.47393364928909953
ʕaa,ʃaa,1,211,0.004739336492890996,0.47393364928909953
ʕaa,ka,1,211,0.004739336492890996,0.47393364928909953
qi,bK,1,213,0.004694835680751174,0.4694835680751174
qi,s,1,213,0.004694835680751174,0.4694835680751174
qi,q,1,213,0.004694835680751174,0.4694835680751174
qi,daa,1,213,0.004694835680751174,0.4694835680751174
qi,fi,1,213,0.004694835680751174,0.4694835680751174
qi,yaa,1,213,0.004694835680751174,0.4694835680751174
d,dK,1,218,0.0045871559633027525,0.45871559633027525
d,ba,1,218,0.0045871559633027525,0.45871559633027525
d,ħaa,1,218,0.0045871559633027525,0.45871559633027525
d,da,1,218,0.0045871559633027525,0.45871559633027525
d,du,1,218,0.0045871559633027525,0.45871559633027525
d,rMa,1,218,0.0045871559633027525,0.45871559633027525
d,dˤi,1,218,0.0045871559633027525,0.45871559633027525
d,qa,1,218,0.0045871559633027525,0.45871559633027525
d,ku,1,218,0.0045871559633027525,0.45871559633027525
qK,ʔa,1,224,0.004464285714285714,0.4464285714285714
qK,ta,1,224,0.004464285714285714,0.4464285714285714
qK,xa,1,224,0.004464285714285714,0.4464285714285714
qK,rMaa,1,224,0.004464285714285714,0.4464285714285714
qK,tˤa,1,224,0.004464285714285714,0.4464285714285714
qK,ʕu,1,224,0.004464285714285714,0.4464285714285714
qK,fa,1,224,0.004464285714285714,0.4464285714285714
qK,la,1,224,0.004464285714285714,0.4464285714285714
qK,ma,1,224,0.004464285714285714,0.4464285714285714
ʕuu,n,1,224,0.004464285714285714,0.4464285714285714
ʕuu,ɣaa,1,224,0.004464285714285714,0.4464285714285714
ʕuu,ɣuu,1,224,0.004464285714285714,0.4464285714285714
di,dK,1,228,0.0043859649122807015,0.43859649122807015
di,ww,1,228,0.0043859649122807015,0.43859649122807015
di,l,1,228,0.0043859649122807015,0.43859649122807015
di,y,1,228,0.0043859649122807015,0.43859649122807015
di,tu,1,228,0.0043859649122807015,0.43859649122807015
di,ji,1,228,0.0043859649122807015,0.43859649122807015
di,ri,1,228,0.0043859649122807015,0.43859649122807015
di,qii,1,228,0.0043859649122807015,0.43859649122807015
di,maa,1,228,0.0043859649122807015,0.43859649122807015
taa,t,1,229,0.004366812227074236,0.43668122270742354
taa,ʔa,1,229,0.004366812227074236,0.43668122270742354
taa,daa,1,229,0.004366812227074236,0.43668122270742354
lii,l,1,231,0.004329004329004329,0.4329004329004329
lii,bii,1,231,0.004329004329004329,0.4329004329004329
lii,ðii,1,231,0.004329004329004329,0.4329004329004329
lii,rii,1,231,0.004329004329004329,0.4329004329004329
lii,ʕa,1,231,0.004329004329004329,0.4329004329004329
lii,fi,1,231,0.004329004329004329,0.4329004329004329
lii,luu,1,231,0.004329004329004329,0.4329004329004329
lii,wa,1,231,0.004329004329004329,0.4329004329004329
lii,yii,1,231,0.004329004329004329,0.4329004329004329
quu,ta,1,235,0.00425531914893617,0.425531914893617
quu,ħuu,1,235,0.00425531914893617,0.425531914893617
quu,ðuu,1,235,0.00425531914893617,0.425531914893617
quu,ri,1,235,0.00425531914893617,0.425531914893617
quu,si,1,235,0.00425531914893617,0.425531914893617
quu,fa,1,235,0.00425531914893617,0.425531914893617
quu,qa,1,235,0.00425531914893617,0.425531914893617
quu,kuu,1,235,0.00425531914893617,0.425531914893617
quu,li,1,235,0.00425531914893617,0.425531914893617
du,nd,1,241,0.004149377593360996,0.4149377593360996
du,dK,1,241,0.004149377593360996,0.4149377593360996
du,w,1,241,0.004149377593360996,0.4149377593360996
du,ʔi,1,241,0.004149377593360996,0.4149377593360996
du,tu,1,241,0.004149377593360996,0.4149377593360996
du,ʕaa,1,241,0.004149377593360996,0.4149377593360996
du,nuu,1,241,0.004149377593360996,0.4149377593360996
duu,nd,1,245,0.004081632653061225,0.40816326530612246
duu,d,1,245,0.004081632653061225,0.40816326530612246
duu,ʔa,1,245,0.004081632653061225,0.40816326530612246
duu,ji,1,245,0.004081632653061225,0.40816326530612246
duu,ju,1,245,0.004081632653061225,0.40816326530612246
duu,ħa,1,245,0.004081632653061225,0.40816326530612246
duu,sˤu,1,245,0.004081632653061225,0.40816326530612246
duu,fi,1,245,0.004081632653061225,0.40816326530612246
duu,ku,1,245,0.004081632653061225,0.40816326530612246
duu,kii,1,245,0.004081632653061225,0.40816326530612246
duu,li,1,245,0.004081632653061225,0.40816326530612246
duu,na,1,245,0.004081632653061225,0.40816326530612246
duu,ni,1,245,0.004081632653061225,0.40816326530612246
duu,haa,1,245,0.004081632653061225,0.40816326530612246
duu,yu,1,245,0.004081632653061225,0.40816326530612246
yy,ʔi,1,246,0.0040650406504065045,0.40650406504065045
yy,la,1,246,0.0040650406504065045,0.40650406504065045
yy,yu,1,246,0.0040650406504065045,0.40650406504065045
yy,yaa,1,246,0.0040650406504065045,0.40650406504065045
ʃ,ħ,1,247,0.004048582995951417,0.4048582995951417
ʃ,r,1,247,0.004048582995951417,0.4048582995951417
ʃ,ta,1,247,0.004048582995951417,0.4048582995951417
ʃ,rMa,1,247,0.004048582995951417,0.4048582995951417
ʃ,ʃa,1,247,0.004048582995951417,0.4048582995951417
ʃ,ʃi,1,247,0.004048582995951417,0.4048582995951417
ʃ,ʕi,1,247,0.004048582995951417,0.4048582995951417
ʃ,ʕu,1,247,0.004048582995951417,0.4048582995951417
ʃ,fi,1,247,0.004048582995951417,0.4048582995951417
ʃ,mu,1,247,0.004048582995951417,0.4048582995951417
ʃ,na,1,247,0.004048582995951417,0.4048582995951417
ʃ,hu,1,247,0.004048582995951417,0.4048582995951417
mii,ʕu,1,247,0.004048582995951417,0.4048582995951417
mii,li,1,247,0.004048582995951417,0.4048582995951417
mii,mi,1,247,0.004048582995951417,0.4048582995951417
saa,ns,1,255,0.00392156862745098,0.39215686274509803
saa,rM,1,255,0.00392156862745098,0.39215686274509803
saa,s,1,255,0.00392156862745098,0.39215686274509803
saa,ʔa,1,255,0.00392156862745098,0.39215686274509803
saa,ʕa,1,255,0.00392156862745098,0.39215686274509803
saa,mi,1,255,0.00392156862745098,0.39215686274509803
saa,ni,1,255,0.00392156862745098,0.39215686274509803
saa,huu,1,255,0.00392156862745098,0.39215686274509803
rii,qK,1,256,0.00390625,0.390625
rii,jK,1,256,0.00390625,0.390625
rii,n,1,256,0.00390625,0.390625
rii,ʕii,1,256,0.00390625,0.390625
rii,qa,1,256,0.00390625,0.390625
rii,ya,1,256,0.00390625,0.390625
ki,ð,1,261,0.0038314176245210726,0.38314176245210724
ki,f,1,261,0.0038314176245210726,0.38314176245210724
ki,l,1,261,0.0038314176245210726,0.38314176245210724
ki,ta,1,261,0.0038314176245210726,0.38314176245210724
ki,taa,1,261,0.0038314176245210726,0.38314176245210724
ki,rMaa,1,261,0.0038314176245210726,0.38314176245210724
ki,la,1,261,0.0038314176245210726,0.38314176245210724
f,ansˤ,1,263,0.0038022813688212928,0.38022813688212925
f,θ,1,263,0.0038022813688212928,0.38022813688212925
f,x,1,263,0.0038022813688212928,0.38022813688212925
f,h,1,263,0.0038022813688212928,0.38022813688212925
f,ta,1,263,0.0038022813688212928,0.38022813688212925
f,daa,1,263,0.0038022813688212928,0.38022813688212925
f,ri,1,263,0.0038022813688212928,0.38022813688212925
f,si,1,263,0.0038022813688212928,0.38022813688212925
f,qa,1,263,0.0038022813688212928,0.38022813688212925
f,li,1,263,0.0038022813688212928,0.38022813688212925
f,ya,1,263,0.0038022813688212928,0.38022813688212925
bii,n,1,263,0.0038022813688212928,0.38022813688212925
bii,bi,1,263,0.0038022813688212928,0.38022813688212925
bii,rii,1,263,0.0038022813688212928,0.38022813688212925
bii,laa,1,263,0.0038022813688212928,0.38022813688212925
bii,mi,1,263,0.0038022813688212928,0.38022813688212925
bii,mu,1,263,0.0038022813688212928,0.38022813688212925
bii,hii,1,263,0.0038022813688212928,0.38022813688212925
si,s,1,268,0.0037313432835820895,0.3731343283582089
si,m,1,268,0.0037313432835820895,0.3731343283582089
si,xa,1,268,0.0037313432835820895,0.3731343283582089
si,duu,1,268,0.0037313432835820895,0.3731343283582089
si,sii,1,268,0.0037313432835820895,0.3731343283582089
si,sin,1,268,0.0037313432835820895,0.3731343283582089
si,sˤi,1,268,0.0037313432835820895,0.3731343283582089
si,fi,1,268,0.0037313432835820895,0.3731343283582089
si,faa,1,268,0.0037313432835820895,0.3731343283582089
si,quu,1,268,0.0037313432835820895,0.3731343283582089
si,naa,1,268,0.0037313432835820895,0.3731343283582089
ʕi,nd,1,268,0.0037313432835820895,0.3731343283582089
ʕi,ħi,1,268,0.0037313432835820895,0.3731343283582089
ʕi,sˤaa,1,268,0.0037313432835820895,0.3731343283582089
ʕi,dˤii,1,268,0.0037313432835820895,0.3731343283582089
ʕi,ʕa,1,268,0.0037313432835820895,0.3731343283582089
ʕi,fii,1,268,0.0037313432835820895,0.3731343283582089
ʕi,mi,1,268,0.0037313432835820895,0.3731343283582089
ʕi,ya,1,268,0.0037313432835820895,0.3731343283582089
waa,<sil>,1,272,0.003676470588235294,0.3676470588235294
waa,l,1,272,0.003676470588235294,0.3676470588235294
waa,h,1,272,0.003676470588235294,0.3676470588235294
waa,ti,1,272,0.003676470588235294,0.3676470588235294
waa,tu,1,272,0.003676470588235294,0.3676470588235294
waa,θa,1,272,0.003676470588235294,0.3676470588235294
waa,qa,1,272,0.003676470588235294,0.3676470588235294
waa,ma,1,272,0.003676470588235294,0.3676470588235294
ði,r,1,274,0.0036496350364963502,0.36496350364963503
ði,k,1,274,0.0036496350364963502,0.36496350364963503
ði,ʔi,1,274,0.0036496350364963502,0.36496350364963503
ði,baa,1,274,0.0036496350364963502,0.36496350364963503
ði,ji,1,274,0.0036496350364963502,0.36496350364963503
ði,dii,1,274,0.0036496350364963502,0.36496350364963503
ði,ka,1,274,0.0036496350364963502,0.36496350364963503
ði,ma,1,274,0.0036496350364963502,0.36496350364963503
jK,ʔa,1,282,0.0035460992907801418,0.3546099290780142
jK,ta,1,282,0.0035460992907801418,0.3546099290780142
jK,ħi,1,282,0.0035460992907801418,0.3546099290780142
jK,ya,1,282,0.0035460992907801418,0.3546099290780142
baa,ʔa,1,285,0.0035087719298245615,0.3508771929824561
baa,daa,1,285,0.0035087719298245615,0.3508771929824561
baa,ðaa,1,285,0.0035087719298245615,0.3508771929824561
baa,rMa,1,285,0.0035087719298245615,0.3508771929824561
baa,ʕa,1,285,0.0035087719298245615,0.3508771929824561
baa,qaa,1,285,0.0035087719298245615,0.3508771929824561
ða,t,1,290,0.0034482758620689655,0.3448275862068966
ða,ð,1,290,0.0034482758620689655,0.3448275862068966
ða,s,1,290,0.0034482758620689655,0.3448275862068966
ða,k,1,290,0.0034482758620689655,0.3448275862068966
ða,ta,1,290,0.0034482758620689655,0.3448275862068966
ða,ka,1,290,0.0034482758620689655,0.3448275862068966
muu,kuu,1,294,0.003401360544217687,0.3401360544217687
muu,mii,1,294,0.003401360544217687,0.3401360544217687
muu,mun,1,294,0.003401360544217687,0.3401360544217687
sˤ,bu,1,306,0.0032679738562091504,0.32679738562091504
sˤ,ħaa,1,306,0.0032679738562091504,0.32679738562091504
sˤ,fa,1,306,0.0032679738562091504,0.32679738562091504
sˤ,faa,1,306,0.0032679738562091504,0.32679738562091504
sˤ,laa,1,306,0.0032679738562091504,0.32679738562091504
sˤ,ya,1,306,0.0032679738562091504,0.32679738562091504
ʃa,anʃ,1,313,0.003194888178913738,0.3194888178913738
ʃa,m,1,313,0.003194888178913738,0.3194888178913738
ʃa,ta,1,313,0.003194888178913738,0.3194888178913738
ʃa,rMu,1,313,0.003194888178913738,0.3194888178913738
ʃa,ʃu,1,313,0.003194888178913738,0.3194888178913738
ʃa,dˤa,1,313,0.003194888178913738,0.3194888178913738
ʃa,la,1,313,0.003194888178913738,0.3194888178913738
hii,y,1,321,0.003115264797507788,0.3115264797507788
hii,ʔi,1,321,0.003115264797507788,0.3115264797507788
hii,ta,1,321,0.003115264797507788,0.3115264797507788
hii,ji,1,321,0.003115264797507788,0.3115264797507788
hii,jii,1,321,0.003115264797507788,0.3115264797507788
hii,dii,1,321,0.003115264797507788,0.3115264797507788
hii,rMaa,1,321,0.003115264797507788,0.3115264797507788
hii,ʃa,1,321,0.003115264797507788,0.3115264797507788
hii,fa,1,321,0.003115264797507788,0.3115264797507788
hii,kaa,1,321,0.003115264797507788,0.3115264797507788
hii,li,1,321,0.003115264797507788,0.3115264797507788
hii,ni,1,321,0.003115264797507788,0.3115264797507788
hii,hi,1,321,0.003115264797507788,0.3115264797507788
nii,ta,1,328,0.003048780487804878,0.3048780487804878
nii,si,1,328,0.003048780487804878,0.3048780487804878
nii,sˤa,1,328,0.003048780487804878,0.3048780487804878
nii,mi,1,328,0.003048780487804878,0.3048780487804878
nii,nuu,1,328,0.003048780487804878,0.3048780487804878
qu,r,1,332,0.0030120481927710845,0.30120481927710846
qu,rM,1,332,0.0030120481927710845,0.30120481927710846
qu,l,1,332,0.0030120481927710845,0.30120481927710846
qu,w,1,332,0.0030120481927710845,0.30120481927710846
qu,tˤi,1,332,0.0030120481927710845,0.30120481927710846
qu,ka,1,332,0.0030120481927710845,0.30120481927710846
qu,wa,1,332,0.0030120481927710845,0.30120481927710846
ʔu,<sil>,1,333,0.003003003003003003,0.3003003003003003
ʔu,nθ,1,333,0.003003003003003003,0.3003003003003003
ʔu,ʕ,1,333,0.003003003003003003,0.3003003003003003
ʔu,m,1,333,0.003003003003003003,0.3003003003003003
ʔu,w,1,333,0.003003003003003003,0.3003003003003003
ʔu,da,1,333,0.003003003003003003,0.3003003003003003
ʔu,ʕu,1,333,0.003003003003003003,0.3003003003003003
ʔu,fa,1,333,0.003003003003003003,0.3003003003003003
ʔu,fu,1,333,0.003003003003003003,0.3003003003003003
ʔu,fii,1,333,0.003003003003003003,0.3003003003003003
ʔu,yu,1,333,0.003003003003003003,0.3003003003003003
k,f,1,339,0.0029498525073746312,0.2949852507374631
k,ʔa,1,339,0.0029498525073746312,0.2949852507374631
k,ða,1,339,0.0029498525073746312,0.2949852507374631
k,ði,1,339,0.0029498525073746312,0.2949852507374631
k,rMu,1,339,0.0029498525073746312,0.2949852507374631
k,ka,1,339,0.0029498525073746312,0.2949852507374631
k,kaa,1,339,0.0029498525073746312,0.2949852507374631
k,ya,1,339,0.0029498525073746312,0.2949852507374631
bu,nt,1,339,0.0029498525073746312,0.2949852507374631
bu,nn,1,339,0.0029498525073746312,0.2949852507374631
bu,mm,1,339,0.0029498525073746312,0.2949852507374631
bu,ʃ,1,339,0.0029498525073746312,0.2949852507374631
bu,ʕ,1,339,0.0029498525073746312,0.2949852507374631
bu,ʔu,1,339,0.0029498525073746312,0.2949852507374631
bu,ħaa,1,339,0.0029498525073746312,0.2949852507374631
bu,du,1,339,0.0029498525073746312,0.2949852507374631
bu,ðaa,1,339,0.0029498525073746312,0.2949852507374631
bu,rii,1,339,0.0029498525073746312,0.2949852507374631
bu,qu,1,339,0.0029498525073746312,0.2949852507374631
bu,ka,1,339,0.0029498525073746312,0.2949852507374631
bu,mu,1,339,0.0029498525073746312,0.2949852507374631
nt,m,1,345,0.002898550724637681,0.2898550724637681
nt,ta,1,345,0.002898550724637681,0.2898550724637681
nt,du,1,345,0.002898550724637681,0.2898550724637681
nt,ku,1,345,0.002898550724637681,0.2898550724637681
nt,mi,1,345,0.002898550724637681,0.2898550724637681
rMu,mm,1,347,0.002881844380403458,0.2881844380403458
rMu,ħ,1,347,0.002881844380403458,0.2881844380403458
rMu,y,1,347,0.002881844380403458,0.2881844380403458
rMu,ðuu,1,347,0.002881844380403458,0.2881844380403458
rMu,sˤaa,1,347,0.002881844380403458,0.2881844380403458
rMu,ʕu,1,347,0.002881844380403458,0.2881844380403458
rMu,ɣu,1,347,0.002881844380403458,0.2881844380403458
rMu,fi,1,347,0.002881844380403458,0.2881844380403458
rMu,haa,1,347,0.002881844380403458,0.2881844380403458
xa,nf,1,349,0.0028653295128939827,0.28653295128939826
xa,dK,1,349,0.0028653295128939827,0.28653295128939826
xa,ʔa,1,349,0.0028653295128939827,0.28653295128939826
xa,ʔaa,1,349,0.0028653295128939827,0.28653295128939826
xa,qa,1,349,0.0028653295128939827,0.28653295128939826
xa,maa,1,349,0.0028653295128939827,0.28653295128939826
xa,wa,1,349,0.0028653295128939827,0.28653295128939826
xa,ya,1,349,0.0028653295128939827,0.28653295128939826
ni,nn,1,351,0.002849002849002849,0.2849002849002849
ni,r,1,351,0.002849002849002849,0.2849002849002849
ni,sˤ,1,351,0.002849002849002849,0.2849002849002849
ni,ʔa,1,351,0.002849002849002849,0.2849002849002849
ni,ʔi,1,351,0.002849002849002849,0.2849002849002849
ni,bi,1,351,0.002849002849002849,0.2849002849002849
ni,duu,1,351,0.002849002849002849,0.2849002849002849
ni,ma,1,351,0.002849002849002849,0.2849002849002849
nuu,s,1,364,0.0027472527472527475,0.27472527472527475
nuu,m,1,364,0.0027472527472527475,0.27472527472527475
nuu,ju,1,364,0.0027472527472527475,0.27472527472527475
nuu,ʕii,1,364,0.0027472527472527475,0.27472527472527475
nuu,kuu,1,364,0.0027472527472527475,0.27472527472527475
nuu,muu,1,364,0.0027472527472527475,0.27472527472527475
nuu,na,1,364,0.0027472527472527475,0.27472527472527475
nuu,hu,1,364,0.0027472527472527475,0.27472527472527475
h,jK,1,369,0.0027100271002710027,0.27100271002710025
h,d,1,369,0.0027100271002710027,0.27100271002710025
h,rM,1,369,0.0027100271002710027,0.27100271002710025
h,s,1,369,0.0027100271002710027,0.27100271002710025
h,f,1,369,0.0027100271002710027,0.27100271002710025
h,bi,1,369,0.0027100271002710027,0.27100271002710025
h,ta,1,369,0.0027100271002710027,0.27100271002710025
h,saa,1,369,0.0027100271002710027,0.27100271002710025
h,li,1,369,0.0027100271002710027,0.27100271002710025
h,nu,1,369,0.0027100271002710027,0.27100271002710025
h,hi,1,369,0.0027100271002710027,0.27100271002710025
h,wa,1,369,0.0027100271002710027,0.27100271002710025
nu,h,1,378,0.0026455026455026454,0.26455026455026454
nu,ʔaa,1,378,0.0026455026455026454,0.26455026455026454
nu,ta,1,378,0.0026455026455026454,0.26455026455026454
nu,ðii,1,378,0.0026455026455026454,0.26455026455026454
nu,zii,1,378,0.0026455026455026454,0.26455026455026454
nu,saa,1,378,0.0026455026455026454,0.26455026455026454
nu,qi,1,378,0.0026455026455026454,0.26455026455026454
nu,ka,1,378,0.0026455026455026454,0.26455026455026454
nu,luu,1,378,0.0026455026455026454,0.26455026455026454
nu,hu,1,378,0.0026455026455026454,0.26455026455026454
nu,wa,1,378,0.0026455026455026454,0.26455026455026454
ħ,θ,1,385,0.0025974025974025974,0.2597402597402597
ħ,sˤ,1,385,0.0025974025974025974,0.2597402597402597
ħ,f,1,385,0.0025974025974025974,0.2597402597402597
ħ,ʔa,1,385,0.0025974025974025974,0.2597402597402597
ħ,ħa,1,385,0.0025974025974025974,0.2597402597402597
ħ,ħu,1,385,0.0025974025974025974,0.2597402597402597
ħ,rMa,1,385,0.0025974025974025974,0.2597402597402597
ħ,suu,1,385,0.0025974025974025974,0.2597402597402597
ħ,fuu,1,385,0.0025974025974025974,0.2597402597402597
ħ,mu,1,385,0.0025974025974025974,0.2597402597402597
ħ,maa,1,385,0.0025974025974025974,0.2597402597402597
kaa,<sil>,1,387,0.002583979328165375,0.2583979328165375
kaa,n,1,387,0.002583979328165375,0.2583979328165375
kaa,duu,1,387,0.002583979328165375,0.2583979328165375
kaa,laa,1,387,0.002583979328165375,0.2583979328165375
kaa,na,1,387,0.002583979328165375,0.2583979328165375
ð,d,1,392,0.002551020408163265,0.25510204081632654
ð,z,1,392,0.002551020408163265,0.25510204081632654
ð,l,1,392,0.002551020408163265,0.25510204081632654
ð,ta,1,392,0.002551020408163265,0.25510204081632654
ð,ða,1,392,0.002551020408163265,0.25510204081632654
ð,qaa,1,392,0.002551020408163265,0.25510204081632654
ð,ka,1,392,0.002551020408163265,0.25510204081632654
ð,kuu,1,392,0.002551020408163265,0.25510204081632654
ð,na,1,392,0.002551020408163265,0.25510204081632654
fii,dK,1,392,0.002551020408163265,0.25510204081632654
fii,r,1,392,0.002551020408163265,0.25510204081632654
fii,bii,1,392,0.002551020408163265,0.25510204081632654
fii,ja,1,392,0.002551020408163265,0.25510204081632654
fii,ħii,1,392,0.002551020408163265,0.25510204081632654
fii,ðii,1,392,0.002551020408163265,0.25510204081632654
fii,ʕii,1,392,0.002551020408163265,0.25510204081632654
fii,ka,1,392,0.002551020408163265,0.25510204081632654
fii,ki,1,392,0.002551020408163265,0.25510204081632654
fii,mi,1,392,0.002551020408163265,0.25510204081632654
fii,na,1,392,0.002551020408163265,0.25510204081632654
fii,haa,1,392,0.002551020408163265,0.25510204081632654
fii,yu,1,392,0.002551020408163265,0.25510204081632654
lu,yy,1,408,0.0024509803921568627,0.24509803921568626
lu,w,1,408,0.0024509803921568627,0.24509803921568626
lu,baa,1,408,0.0024509803921568627,0.24509803921568626
lu,rMa,1,408,0.0024509803921568627,0.24509803921568626
lu,ʕa,1,408,0.0024509803921568627,0.24509803921568626
lu,quu,1,408,0.0024509803921568627,0.24509803921568626
lu,li,1,408,0.0024509803921568627,0.24509803921568626
lu,luu,1,408,0.0024509803921568627,0.24509803921568626
rMuu,unq,1,423,0.002364066193853428,0.2364066193853428
rMuu,s,1,423,0.002364066193853428,0.2364066193853428
rMuu,l,1,423,0.002364066193853428,0.2364066193853428
rMuu,n,1,423,0.002364066193853428,0.2364066193853428
rMuu,ta,1,423,0.002364066193853428,0.2364066193853428
rMuu,ja,1,423,0.002364066193853428,0.2364066193853428
rMuu,si,1,423,0.002364066193853428,0.2364066193853428
rMuu,ɣu,1,423,0.002364066193853428,0.2364066193853428
rMuu,fa,1,423,0.002364066193853428,0.2364066193853428
rMuu,wuu,1,423,0.002364066193853428,0.2364066193853428
rMuu,yuu,1,423,0.002364066193853428,0.2364066193853428
rMaa,b,1,438,0.00228310502283105,0.228310502283105
rMaa,ba,1,438,0.00228310502283105,0.228310502283105
rMaa,tuu,1,438,0.00228310502283105,0.228310502283105
rMaa,θii,1,438,0.00228310502283105,0.228310502283105
rMaa,θuu,1,438,0.00228310502283105,0.228310502283105
rMaa,duu,1,438,0.00228310502283105,0.228310502283105
rMaa,sˤi,1,438,0.00228310502283105,0.228310502283105
rMaa,sˤuu,1,438,0.00228310502283105,0.228310502283105
rMaa,ka,1,438,0.00228310502283105,0.228310502283105
ja,<sil>,1,440,0.0022727272727272726,0.22727272727272727
ja,unj,1,440,0.0022727272727272726,0.22727272727272727
ja,m,1,440,0.0022727272727272726,0.22727272727272727
ja,ʃa,1,440,0.0022727272727272726,0.22727272727272727
ja,ʕa,1,440,0.0022727272727272726,0.22727272727272727
ja,hu,1,440,0.0022727272727272726,0.22727272727272727
yaa,<sil>,1,444,0.0022522522522522522,0.22522522522522523
yaa,ʔuu,1,444,0.0022522522522522522,0.22522522522522523
yaa,ħa,1,444,0.0022522522522522522,0.22522522522522523
yaa,la,1,444,0.0022522522522522522,0.22522522522522523
yaa,lu,1,444,0.0022522522522522522,0.22522522522522523
yaa,ma,1,444,0.0022522522522522522,0.22522522522522523
yaa,nii,1,444,0.0022522522522522522,0.22522522522522523
yaa,wa,1,444,0.0022522522522522522,0.22522522522522523
ww,<sil>,1,454,0.0022026431718061676,0.22026431718061676
ww,ba,1,454,0.0022026431718061676,0.22026431718061676
ww,ta,1,454,0.0022026431718061676,0.22026431718061676
ww,qa,1,454,0.0022026431718061676,0.22026431718061676
ww,ma,1,454,0.0022026431718061676,0.22026431718061676
ww,na,1,454,0.0022026431718061676,0.22026431718061676
ha,jK,1,462,0.0021645021645021645,0.21645021645021645
ha,t,1,462,0.0021645021645021645,0.21645021645021645
ha,n,1,462,0.0021645021645021645,0.21645021645021645
ha,ti,1,462,0.0021645021645021645,0.21645021645021645
ha,xa,1,462,0.0021645021645021645,0.21645021645021645
ha,rMa,1,462,0.0021645021645021645,0.21645021645021645
ha,za,1,462,0.0021645021645021645,0.21645021645021645
ha,ʃi,1,462,0.0021645021645021645,0.21645021645021645
ha,fa,1,462,0.0021645021645021645,0.21645021645021645
ha,la,1,462,0.0021645021645021645,0.21645021645021645
ha,na,1,462,0.0021645021645021645,0.21645021645021645
ha,nii,1,462,0.0021645021645021645,0.21645021645021645
ha,huu,1,462,0.0021645021645021645,0.21645021645021645
ħa,q,1,474,0.002109704641350211,0.21097046413502107
ħa,n,1,474,0.002109704641350211,0.21097046413502107
ħa,bu,1,474,0.002109704641350211,0.21097046413502107
ħa,ja,1,474,0.002109704641350211,0.21097046413502107
ħa,rii,1,474,0.002109704641350211,0.21097046413502107
ħa,haa,1,474,0.002109704641350211,0.21097046413502107
ħa,huu,1,474,0.002109704641350211,0.21097046413502107
ðii,<sil>,1,475,0.002105263157894737,0.21052631578947367
ðii,dii,1,475,0.002105263157894737,0.21052631578947367
ðii,ði,1,475,0.002105263157894737,0.21052631578947367
ðii,rMaa,1,475,0.002105263157894737,0.21052631578947367
ðii,qu,1,475,0.002105263157894737,0.21052631578947367
ʔ,ð,1,476,0.0021008403361344537,0.21008403361344538
ʔ,ɣ,1,476,0.0021008403361344537,0.21008403361344538
ʔ,k,1,476,0.0021008403361344537,0.21008403361344538
ʔ,l,1,476,0.0021008403361344537,0.21008403361344538
ʔ,bi,1,476,0.0021008403361344537,0.21008403361344538
ʔ,ji,1,476,0.0021008403361344537,0.21008403361344538
ʔ,ʃi,1,476,0.0021008403361344537,0.21008403361344538
ʔ,ma,1,476,0.0021008403361344537,0.21008403361344538
ʔ,mi,1,476,0.0021008403361344537,0.21008403361344538
ʔ,yii,1,476,0.0021008403361344537,0.21008403361344538
luu,l,1,478,0.0020920502092050207,0.20920502092050208
luu,n,1,478,0.0020920502092050207,0.20920502092050208
luu,ʕa,1,478,0.0020920502092050207,0.20920502092050208
luu,ku,1,478,0.0020920502092050207,0.20920502092050208
luu,la,1,478,0.0020920502092050207,0.20920502092050208
luu,lu,1,478,0.0020920502092050207,0.20920502092050208
luu,ma,1,478,0.0020920502092050207,0.20920502092050208
luu,nuu,1,478,0.0020920502092050207,0.20920502092050208
luu,wa,1,478,0.0020920502092050207,0.20920502092050208
fi,inf,1,482,0.002074688796680498,0.2074688796680498
fi,t,1,482,0.002074688796680498,0.2074688796680498
fi,r,1,482,0.002074688796680498,0.2074688796680498
fi,s,1,482,0.002074688796680498,0.2074688796680498
fi,l,1,482,0.002074688796680498,0.2074688796680498
fi,w,1,482,0.002074688796680498,0.2074688796680498
fi,θi,1,482,0.002074688796680498,0.2074688796680498
fi,ji,1,482,0.002074688796680498,0.2074688796680498
fi,xaa,1,482,0.002074688796680498,0.2074688796680498
fi,di,1,482,0.002074688796680498,0.2074688796680498
fi,ʕu,1,482,0.002074688796680498,0.2074688796680498
fi,qa,1,482,0.002074688796680498,0.2074688796680498
fi,ka,1,482,0.002074688796680498,0.2074688796680498
da,bK,1,492,0.0020325203252032522,0.20325203252032523
da,ʕ,1,492,0.0020325203252032522,0.20325203252032523
da,l,1,492,0.0020325203252032522,0.20325203252032523
da,w,1,492,0.0020325203252032522,0.20325203252032523
da,y,1,492,0.0020325203252032522,0.20325203252032523
da,ʔi,1,492,0.0020325203252032522,0.20325203252032523
da,baa,1,492,0.0020325203252032522,0.20325203252032523
da,tu,1,492,0.0020325203252032522,0.20325203252032523
da,ħi,1,492,0.0020325203252032522,0.20325203252032523
da,daa,1,492,0.0020325203252032522,0.20325203252032523
da,ða,1,492,0.0020325203252032522,0.20325203252032523
da,rMa,1,492,0.0020325203252032522,0.20325203252032523
da,fa,1,492,0.0020325203252032522,0.20325203252032523
da,la,1,492,0.0020325203252032522,0.20325203252032523
da,ma,1,492,0.0020325203252032522,0.20325203252032523
da,mu,1,492,0.0020325203252032522,0.20325203252032523
da,wu,1,492,0.0020325203252032522,0.20325203252032523
ri,qK,1,496,0.0020161290322580645,0.20161290322580644
ri,nn,1,496,0.0020161290322580645,0.20161290322580644
ri,mm,1,496,0.0020161290322580645,0.20161290322580644
ri,k,1,496,0.0020161290322580645,0.20161290322580644
ri,y,1,496,0.0020161290322580645,0.20161290322580644
ri,ʔi,1,496,0.0020161290322580645,0.20161290322580644
ri,xi,1,496,0.0020161290322580645,0.20161290322580644
ri,rMaa,1,496,0.0020161290322580645,0.20161290322580644
ri,ʕu,1,496,0.0020161290322580645,0.20161290322580644
ri,ɣaa,1,496,0.0020161290322580645,0.20161290322580644
ri,kuu,1,496,0.0020161290322580645,0.20161290322580644
ri,li,1,496,0.0020161290322580645,0.20161290322580644
ri,huu,1,496,0.0020161290322580645,0.20161290322580644
bK,<sil>,1,510,0.00196078431372549,0.19607843137254902
bK,l,1,510,0.00196078431372549,0.19607843137254902
bK,ʔa,1,510,0.00196078431372549,0.19607843137254902
bK,ʔi,1,510,0.00196078431372549,0.19607843137254902
bK,bi,1,510,0.00196078431372549,0.19607843137254902
bK,baa,1,510,0.00196078431372549,0.19607843137254902
bK,ta,1,510,0.00196078431372549,0.19607843137254902
bK,jii,1,510,0.00196078431372549,0.19607843137254902
bK,ðaa,1,510,0.00196078431372549,0.19607843137254902
bK,ðii,1,510,0.00196078431372549,0.19607843137254902
bK,qa,1,510,0.00196078431372549,0.19607843137254902
bK,ma,1,510,0.00196078431372549,0.19607843137254902
bK,wa,1,510,0.00196078431372549,0.19607843137254902
bK,waa,1,510,0.00196078431372549,0.19607843137254902
bK,ya,1,510,0.00196078431372549,0.19607843137254902
huu,n,1,517,0.0019342359767891683,0.19342359767891684
huu,xi,1,517,0.0019342359767891683,0.19342359767891684
huu,sˤu,1,517,0.0019342359767891683,0.19342359767891684
huu,ðˤu,1,517,0.0019342359767891683,0.19342359767891684
huu,la,1,517,0.0019342359767891683,0.19342359767891684
huu,ma,1,517,0.0019342359767891683,0.19342359767891684
huu,nuu,1,517,0.0019342359767891683,0.19342359767891684
huu,hu,1,517,0.0019342359767891683,0.19342359767891684
huu,wa,1,517,0.0019342359767891683,0.19342359767891684
yu,<sil>,1,519,0.0019267822736030828,0.1926782273603083
yu,ww,1,519,0.0019267822736030828,0.1926782273603083
yu,ʔ,1,519,0.0019267822736030828,0.1926782273603083
yu,ħ,1,519,0.0019267822736030828,0.1926782273603083
yu,x,1,519,0.0019267822736030828,0.1926782273603083
yu,ʃ,1,519,0.0019267822736030828,0.1926782273603083
yu,w,1,519,0.0019267822736030828,0.1926782273603083
yu,y,1,519,0.0019267822736030828,0.1926782273603083
yu,ʔu,1,519,0.0019267822736030828,0.1926782273603083
yu,ðii,1,519,0.0019267822736030828,0.1926782273603083
yu,dˤi,1,519,0.0019267822736030828,0.1926782273603083
yu,ʕii,1,519,0.0019267822736030828,0.1926782273603083
yu,hu,1,519,0.0019267822736030828,0.1926782273603083
yu,wa,1,519,0.0019267822736030828,0.1926782273603083
yu,yuu,1,519,0.0019267822736030828,0.1926782273603083
dK,ħuu,1,521,0.0019193857965451055,0.19193857965451055
dK,xaa,1,521,0.0019193857965451055,0.19193857965451055
dK,dii,1,521,0.0019193857965451055,0.19193857965451055
dK,saa,1,521,0.0019193857965451055,0.19193857965451055
dK,ʕaa,1,521,0.0019193857965451055,0.19193857965451055
dK,ʕii,1,521,0.0019193857965451055,0.19193857965451055
dK,muu,1,521,0.0019193857965451055,0.19193857965451055
ðaa,s,1,538,0.0018587360594795538,0.18587360594795538
ðaa,ʔi,1,538,0.0018587360594795538,0.18587360594795538
ðaa,ba,1,538,0.0018587360594795538,0.18587360594795538
ðaa,ði,1,538,0.0018587360594795538,0.18587360594795538
ðaa,ka,1,538,0.0018587360594795538,0.18587360594795538
ðaa,ku,1,538,0.0018587360594795538,0.18587360594795538
ðaa,li,1,538,0.0018587360594795538,0.18587360594795538
ðaa,mi,1,538,0.0018587360594795538,0.18587360594795538
ðaa,na,1,538,0.0018587360594795538,0.18587360594795538
ðaa,hu,1,538,0.0018587360594795538,0.18587360594795538
ðaa,haa,1,538,0.0018587360594795538,0.18587360594795538
qaa,<sil>,1,544,0.001838235294117647,0.1838235294117647
qaa,unq,1,544,0.001838235294117647,0.1838235294117647
qaa,ħ,1,544,0.001838235294117647,0.1838235294117647
qaa,ʃ,1,544,0.001838235294117647,0.1838235294117647
qaa,q,1,544,0.001838235294117647,0.1838235294117647
qaa,m,1,544,0.001838235294117647,0.1838235294117647
qaa,ta,1,544,0.001838235294117647,0.1838235294117647
qaa,xaa,1,544,0.001838235294117647,0.1838235294117647
qaa,saa,1,544,0.001838235294117647,0.1838235294117647
qaa,la,1,544,0.001838235294117647,0.1838235294117647
qaa,luu,1,544,0.001838235294117647,0.1838235294117647
qaa,wii,1,544,0.001838235294117647,0.1838235294117647
ʔaa,bK,1,553,0.0018083182640144665,0.18083182640144665
ʔaa,l,1,553,0.0018083182640144665,0.18083182640144665
ʔaa,ta,1,553,0.0018083182640144665,0.18083182640144665
ʔaa,xi,1,553,0.0018083182640144665,0.18083182640144665
ʔaa,da,1,553,0.0018083182640144665,0.18083182640144665
ʔaa,rMuu,1,553,0.0018083182640144665,0.18083182640144665
ʔaa,tˤii,1,553,0.0018083182640144665,0.18083182640144665
ʔaa,kaa,1,553,0.0018083182640144665,0.18083182640144665
ʔaa,la,1,553,0.0018083182640144665,0.18083182640144665
ʔaa,na,1,553,0.0018083182640144665,0.18083182640144665
ʔaa,han,1,553,0.0018083182640144665,0.18083182640144665
ʔaa,yaa,1,553,0.0018083182640144665,0.18083182640144665
b,k,1,566,0.0017667844522968198,0.17667844522968199
b,w,1,566,0.0017667844522968198,0.17667844522968199
b,ʔi,1,566,0.0017667844522968198,0.17667844522968199
b,ba,1,566,0.0017667844522968198,0.17667844522968199
b,bu,1,566,0.0017667844522968198,0.17667844522968199
r,bK,1,578,0.0017301038062283738,0.17301038062283738
r,n,1,578,0.0017301038062283738,0.17301038062283738
r,h,1,578,0.0017301038062283738,0.17301038062283738
r,ta,1,578,0.0017301038062283738,0.17301038062283738
r,ħuu,1,578,0.0017301038062283738,0.17301038062283738
r,dii,1,578,0.0017301038062283738,0.17301038062283738
r,rMaa,1,578,0.0017301038062283738,0.17301038062283738
r,rMuu,1,578,0.0017301038062283738,0.17301038062283738
r,ʃuu,1,578,0.0017301038062283738,0.17301038062283738
r,tˤu,1,578,0.0017301038062283738,0.17301038062283738
r,fa,1,578,0.0017301038062283738,0.17301038062283738
r,qu,1,578,0.0017301038062283738,0.17301038062283738
r,mi,1,578,0.0017301038062283738,0.17301038062283738
r,wa,1,578,0.0017301038062283738,0.17301038062283738
t,andˤ,1,634,0.0015772870662460567,0.15772870662460567
t,intˤ,1,634,0.0015772870662460567,0.15772870662460567
t,unq,1,634,0.0015772870662460567,0.15772870662460567
t,ð,1,634,0.0015772870662460567,0.15772870662460567
t,f,1,634,0.0015772870662460567,0.15772870662460567
t,ʔa,1,634,0.0015772870662460567,0.15772870662460567
t,taa,1,634,0.0015772870662460567,0.15772870662460567
t,tii,1,634,0.0015772870662460567,0.15772870662460567
t,da,1,634,0.0015772870662460567,0.15772870662460567
t,ða,1,634,0.0015772870662460567,0.15772870662460567
t,rMu,1,634,0.0015772870662460567,0.15772870662460567
t,fa,1,634,0.0015772870662460567,0.15772870662460567
t,fii,1,634,0.0015772870662460567,0.15772870662460567
t,ku,1,634,0.0015772870662460567,0.15772870662460567
t,ma,1,634,0.0015772870662460567,0.15772870662460567
t,mu,1,634,0.0015772870662460567,0.15772870662460567
t,hu,1,634,0.0015772870662460567,0.15772870662460567
t,wa,1,634,0.0015772870662460567,0.15772870662460567
t,yaa,1,634,0.0015772870662460567,0.15772870662460567
haa,anf,1,645,0.0015503875968992248,0.15503875968992248
haa,m,1,645,0.0015503875968992248,0.15503875968992248
haa,ʔa,1,645,0.0015503875968992248,0.15503875968992248
haa,ba,1,645,0.0015503875968992248,0.15503875968992248
haa,baa,1,645,0.0015503875968992248,0.15503875968992248
haa,buu,1,645,0.0015503875968992248,0.15503875968992248
haa,ja,1,645,0.0015503875968992248,0.15503875968992248
haa,ħi,1,645,0.0015503875968992248,0.15503875968992248
haa,di,1,645,0.0015503875968992248,0.15503875968992248
haa,daa,1,645,0.0015503875968992248,0.15503875968992248
haa,duu,1,645,0.0015503875968992248,0.15503875968992248
haa,rMuu,1,645,0.0015503875968992248,0.15503875968992248
haa,ɣa,1,645,0.0015503875968992248,0.15503875968992248
haa,fa,1,645,0.0015503875968992248,0.15503875968992248
haa,faa,1,645,0.0015503875968992248,0.15503875968992248
haa,fii,1,645,0.0015503875968992248,0.15503875968992248
haa,ma,1,645,0.0015503875968992248,0.15503875968992248
haa,mi,1,645,0.0015503875968992248,0.15503875968992248
haa,naa,1,645,0.0015503875968992248,0.15503875968992248
haa,wa,1,645,0.0015503875968992248,0.15503875968992248
ʕ,ʔ,1,664,0.0015060240963855422,0.15060240963855423
ʕ,r,1,664,0.0015060240963855422,0.15060240963855423
ʕ,ɣ,1,664,0.0015060240963855422,0.15060240963855423
ʕ,bu,1,664,0.0015060240963855422,0.15060240963855423
ʕ,juu,1,664,0.0015060240963855422,0.15060240963855423
ʕ,daa,1,664,0.0015060240963855422,0.15060240963855423
ʕ,ri,1,664,0.0015060240963855422,0.15060240963855423
ʕ,rMa,1,664,0.0015060240963855422,0.15060240963855423
ʕ,sˤi,1,664,0.0015060240963855422,0.15060240963855423
ʕ,sˤii,1,664,0.0015060240963855422,0.15060240963855423
ʕ,ʕii,1,664,0.0015060240963855422,0.15060240963855423
ʕ,la,1,664,0.0015060240963855422,0.15060240963855423
ʕ,laa,1,664,0.0015060240963855422,0.15060240963855423
ʕ,ya,1,664,0.0015060240963855422,0.15060240963855423
ti,nt,1,681,0.0014684287812041115,0.14684287812041116
ti,ww,1,681,0.0014684287812041115,0.14684287812041116
ti,ʔ,1,681,0.0014684287812041115,0.14684287812041116
ti,ħ,1,681,0.0014684287812041115,0.14684287812041116
ti,r,1,681,0.0014684287812041115,0.14684287812041116
ti,s,1,681,0.0014684287812041115,0.14684287812041116
ti,ʔa,1,681,0.0014684287812041115,0.14684287812041116
ti,ʔaa,1,681,0.0014684287812041115,0.14684287812041116
ti,ji,1,681,0.0014684287812041115,0.14684287812041116
ti,da,1,681,0.0014684287812041115,0.14684287812041116
ti,di,1,681,0.0014684287812041115,0.14684287812041116
ti,tˤi,1,681,0.0014684287812041115,0.14684287812041116
ti,ʕa,1,681,0.0014684287812041115,0.14684287812041116
ti,ɣaa,1,681,0.0014684287812041115,0.14684287812041116
ti,laa,1,681,0.0014684287812041115,0.14684287812041116
ti,ma,1,681,0.0014684287812041115,0.14684287812041116
ti,hi,1,681,0.0014684287812041115,0.14684287812041116
ti,hii,1,681,0.0014684287812041115,0.14684287812041116
ti,yaa,1,681,0.0014684287812041115,0.14684287812041116
rM,r,1,720,0.001388888888888889,0.1388888888888889
rM,sˤ,1,720,0.001388888888888889,0.1388888888888889
rM,ʕ,1,720,0.001388888888888889,0.1388888888888889
rM,ʔaa,1,720,0.001388888888888889,0.1388888888888889
rM,baa,1,720,0.001388888888888889,0.1388888888888889
rM,tan,1,720,0.001388888888888889,0.1388888888888889
rM,juu,1,720,0.001388888888888889,0.1388888888888889
rM,xa,1,720,0.001388888888888889,0.1388888888888889
rM,ri,1,720,0.001388888888888889,0.1388888888888889
rM,rMa,1,720,0.001388888888888889,0.1388888888888889
rM,dˤa,1,720,0.001388888888888889,0.1388888888888889
rM,dˤi,1,720,0.001388888888888889,0.1388888888888889
rM,fa,1,720,0.001388888888888889,0.1388888888888889
rM,ka,1,720,0.001388888888888889,0.1388888888888889
rM,ma,1,720,0.001388888888888889,0.1388888888888889
rM,mu,1,720,0.001388888888888889,0.1388888888888889
rM,ha,1,720,0.001388888888888889,0.1388888888888889
rM,haa,1,720,0.001388888888888889,0.1388888888888889
sa,<sil>,1,725,0.001379310344827586,0.13793103448275862
sa,ins,1,725,0.001379310344827586,0.13793103448275862
sa,qK,1,725,0.001379310344827586,0.13793103448275862
sa,bK,1,725,0.001379310344827586,0.13793103448275862
sa,ʔ,1,725,0.001379310344827586,0.13793103448275862
sa,rM,1,725,0.001379310344827586,0.13793103448275862
sa,ʃ,1,725,0.001379310344827586,0.13793103448275862
sa,m,1,725,0.001379310344827586,0.13793103448275862
sa,w,1,725,0.001379310344827586,0.13793103448275862
sa,bii,1,725,0.001379310344827586,0.13793103448275862
sa,ħa,1,725,0.001379310344827586,0.13793103448275862
sa,ʕii,1,725,0.001379310344827586,0.13793103448275862
sa,ka,1,725,0.001379310344827586,0.13793103448275862
sa,na,1,725,0.001379310344827586,0.13793103448275862
sa,naa,1,725,0.001379310344827586,0.13793103448275862
sa,hu,1,725,0.001379310344827586,0.13793103448275862
sa,haa,1,725,0.001379310344827586,0.13793103448275862
sa,hii,1,725,0.001379310344827586,0.13793103448275862
sa,waa,1,725,0.001379310344827586,0.13793103448275862
s,unq,1,751,0.0013315579227696406,0.13315579227696406
s,h,1,751,0.0013315579227696406,0.13315579227696406
s,bi,1,751,0.0013315579227696406,0.13315579227696406
s,ta,1,751,0.0013315579227696406,0.13315579227696406
s,rMa,1,751,0.0013315579227696406,0.13315579227696406
s,ɣa,1,751,0.0013315579227696406,0.13315579227696406
s,kii,1,751,0.0013315579227696406,0.13315579227696406
s,mu,1,751,0.0013315579227696406,0.13315579227696406
s,maa,1,751,0.0013315579227696406,0.13315579227696406
s,nu,1,751,0.0013315579227696406,0.13315579227696406
s,naa,1,751,0.0013315579227696406,0.13315579227696406
s,hu,1,751,0.0013315579227696406,0.13315579227696406
s,wi,1,751,0.0013315579227696406,0.13315579227696406
hi,jK,1,815,0.001226993865030675,0.1226993865030675
hi,mm,1,815,0.001226993865030675,0.1226993865030675
hi,l,1,815,0.001226993865030675,0.1226993865030675
hi,tii,1,815,0.001226993865030675,0.1226993865030675
hi,tin,1,815,0.001226993865030675,0.1226993865030675
hi,θi,1,815,0.001226993865030675,0.1226993865030675
hi,juu,1,815,0.001226993865030675,0.1226993865030675
hi,ri,1,815,0.001226993865030675,0.1226993865030675
hi,rMaa,1,815,0.001226993865030675,0.1226993865030675
hi,zi,1,815,0.001226993865030675,0.1226993865030675
hi,fii,1,815,0.001226993865030675,0.1226993865030675
hi,qa,1,815,0.001226993865030675,0.1226993865030675
hi,ki,1,815,0.001226993865030675,0.1226993865030675
hi,li,1,815,0.001226993865030675,0.1226993865030675
hi,maa,1,815,0.001226993865030675,0.1226993865030675
hi,hii,1,815,0.001226993865030675,0.1226993865030675
hi,yu,1,815,0.001226993865030675,0.1226993865030675
tu,mm,1,842,0.0011876484560570072,0.11876484560570072
tu,yy,1,842,0.0011876484560570072,0.11876484560570072
tu,ʔ,1,842,0.0011876484560570072,0.11876484560570072
tu,ħ,1,842,0.0011876484560570072,0.11876484560570072
tu,rM,1,842,0.0011876484560570072,0.11876484560570072
tu,ʔa,1,842,0.0011876484560570072,0.11876484560570072
tu,ti,1,842,0.0011876484560570072,0.11876484560570072
tu,θu,1,842,0.0011876484560570072,0.11876484560570072
tu,rMaa,1,842,0.0011876484560570072,0.11876484560570072
tu,su,1,842,0.0011876484560570072,0.11876484560570072
tu,tˤi,1,842,0.0011876484560570072,0.11876484560570072
tu,qa,1,842,0.0011876484560570072,0.11876484560570072
tu,mii,1,842,0.0011876484560570072,0.11876484560570072
tu,na,1,842,0.0011876484560570072,0.11876484560570072
tu,hu,1,842,0.0011876484560570072,0.11876484560570072
tu,huu,1,842,0.0011876484560570072,0.11876484560570072
tu,wa,1,842,0.0011876484560570072,0.11876484560570072
tu,ya,1,842,0.0011876484560570072,0.11876484560570072
tu,yaa,1,842,0.0011876484560570072,0.11876484560570072
qa,inq,1,849,0.001177856301531213,0.11778563015312131
qa,qK,1,849,0.001177856301531213,0.11778563015312131
qa,s,1,849,0.001177856301531213,0.11778563015312131
qa,ħa,1,849,0.001177856301531213,0.11778563015312131
qa,rMuu,1,849,0.001177856301531213,0.11778563015312131
qa,sa,1,849,0.001177856301531213,0.11778563015312131
qa,tˤa,1,849,0.001177856301531213,0.11778563015312131
qa,ʕi,1,849,0.001177856301531213,0.11778563015312131
qa,lii,1,849,0.001177856301531213,0.11778563015312131
qa,maa,1,849,0.001177856301531213,0.11778563015312131
qa,na,1,849,0.001177856301531213,0.11778563015312131
qa,nu,1,849,0.001177856301531213,0.11778563015312131
qa,wa,1,849,0.001177856301531213,0.11778563015312131
w,rM,1,987,0.0010131712259371835,0.10131712259371835
w,ʔu,1,987,0.0010131712259371835,0.10131712259371835
w,rMa,1,987,0.0010131712259371835,0.10131712259371835
w,ʕa,1,987,0.0010131712259371835,0.10131712259371835
w,li,1,987,0.0010131712259371835,0.10131712259371835
w,laa,1,987,0.0010131712259371835,0.10131712259371835
w,wu,1,987,0.0010131712259371835,0.10131712259371835
w,yu,1,987,0.0010131712259371835,0.10131712259371835
ba,mm,1,1008,0.000992063492063492,0.0992063492063492
ba,ww,1,1008,0.000992063492063492,0.0992063492063492
ba,ð,1,1008,0.000992063492063492,0.0992063492063492
ba,s,1,1008,0.000992063492063492,0.0992063492063492
ba,sˤ,1,1008,0.000992063492063492,0.0992063492063492
ba,ʕ,1,1008,0.000992063492063492,0.0992063492063492
ba,k,1,1008,0.000992063492063492,0.0992063492063492
ba,l,1,1008,0.000992063492063492,0.0992063492063492
ba,w,1,1008,0.000992063492063492,0.0992063492063492
ba,y,1,1008,0.000992063492063492,0.0992063492063492
ba,ʔi,1,1008,0.000992063492063492,0.0992063492063492
ba,ta,1,1008,0.000992063492063492,0.0992063492063492
ba,tan,1,1008,0.000992063492063492,0.0992063492063492
ba,daa,1,1008,0.000992063492063492,0.0992063492063492
ba,ðaa,1,1008,0.000992063492063492,0.0992063492063492
ba,sa,1,1008,0.000992063492063492,0.0992063492063492
ba,sˤi,1,1008,0.000992063492063492,0.0992063492063492
ba,sˤii,1,1008,0.000992063492063492,0.0992063492063492
ba,ɣi,1,1008,0.000992063492063492,0.0992063492063492
ba,qan,1,1008,0.000992063492063492,0.0992063492063492
ba,naa,1,1008,0.000992063492063492,0.0992063492063492
ba,nii,1,1008,0.000992063492063492,0.0992063492063492
ba,waa,1,1008,0.000992063492063492,0.0992063492063492
ba,yaa,1,1008,0.000992063492063492,0.0992063492063492
ku,nk,1,1044,0.0009578544061302681,0.09578544061302681
ku,mm,1,1044,0.0009578544061302681,0.09578544061302681
ku,ʔ,1,1044,0.0009578544061302681,0.09578544061302681
ku,t,1,1044,0.0009578544061302681,0.09578544061302681
ku,ʃ,1,1044,0.0009578544061302681,0.09578544061302681
ku,k,1,1044,0.0009578544061302681,0.09578544061302681
ku,l,1,1044,0.0009578544061302681,0.09578544061302681
ku,ʔa,1,1044,0.0009578544061302681,0.09578544061302681
ku,bi,1,1044,0.0009578544061302681,0.09578544061302681
ku,ta,1,1044,0.0009578544061302681,0.09578544061302681
ku,ðii,1,1044,0.0009578544061302681,0.09578544061302681
ku,si,1,1044,0.0009578544061302681,0.09578544061302681
ku,sˤa,1,1044,0.0009578544061302681,0.09578544061302681
ku,qu,1,1044,0.0009578544061302681,0.09578544061302681
ku,la,1,1044,0.0009578544061302681,0.09578544061302681
ku,laa,1,1044,0.0009578544061302681,0.09578544061302681
ku,luu,1,1044,0.0009578544061302681,0.09578544061302681
ku,wa,1,1044,0.0009578544061302681,0.09578544061302681
ku,ya,1,1044,0.0009578544061302681,0.09578544061302681
mu,w,1,1138,0.0008787346221441124,0.08787346221441124
mu,ʔi,1,1138,0.0008787346221441124,0.08787346221441124
mu,baa,1,1138,0.0008787346221441124,0.08787346221441124
mu,ti,1,1138,0.0008787346221441124,0.08787346221441124
mu,ða,1,1138,0.0008787346221441124,0.08787346221441124
mu,rMa,1,1138,0.0008787346221441124,0.08787346221441124
mu,sa,1,1138,0.0008787346221441124,0.08787346221441124
mu,ðˤu,1,1138,0.0008787346221441124,0.08787346221441124
mu,ɣa,1,1138,0.0008787346221441124,0.08787346221441124
mu,fa,1,1138,0.0008787346221441124,0.08787346221441124
mu,ka,1,1138,0.0008787346221441124,0.08787346221441124
mu,ku,1,1138,0.0008787346221441124,0.08787346221441124
mu,mi,1,1138,0.0008787346221441124,0.08787346221441124
mu,maa,1,1138,0.0008787346221441124,0.08787346221441124
mu,nuu,1,1138,0.0008787346221441124,0.08787346221441124
mu,haa,1,1138,0.0008787346221441124,0.08787346221441124
mu,hii,1,1138,0.0008787346221441124,0.08787346221441124
mu,wa,1,1138,0.0008787346221441124,0.08787346221441124
maa,jaa,1,1261,0.0007930214115781126,0.07930214115781126
maa,xa,1,1261,0.0007930214115781126,0.07930214115781126
maa,rMa,1,1261,0.0007930214115781126,0.07930214115781126
maa,sa,1,1261,0.0007930214115781126,0.07930214115781126
maa,ðˤii,1,1261,0.0007930214115781126,0.07930214115781126
maa,fu,1,1261,0.0007930214115781126,0.07930214115781126
maa,qa,1,1261,0.0007930214115781126,0.07930214115781126
maa,ka,1,1261,0.0007930214115781126,0.07930214115781126
maa,ma,1,1261,0.0007930214115781126,0.07930214115781126
maa,mu,1,1261,0.0007930214115781126,0.07930214115781126
maa,ni,1,1261,0.0007930214115781126,0.07930214115781126
maa,naa,1,1261,0.0007930214115781126,0.07930214115781126
maa,ya,1,1261,0.0007930214115781126,0.07930214115781126
maa,yu,1,1261,0.0007930214115781126,0.07930214115781126
li,dK,1,1295,0.0007722007722007722,0.07722007722007722
li,bii,1,1295,0.0007722007722007722,0.07722007722007722
li,ta,1,1295,0.0007722007722007722,0.07722007722007722
li,tu,1,1295,0.0007722007722007722,0.07722007722007722
li,ħuu,1,1295,0.0007722007722007722,0.07722007722007722
li,ði,1,1295,0.0007722007722007722,0.07722007722007722
li,ʃa,1,1295,0.0007722007722007722,0.07722007722007722
li,ʕaa,1,1295,0.0007722007722007722,0.07722007722007722
li,qa,1,1295,0.0007722007722007722,0.07722007722007722
li,la,1,1295,0.0007722007722007722,0.07722007722007722
li,maa,1,1295,0.0007722007722007722,0.07722007722007722
li,haa,1,1295,0.0007722007722007722,0.07722007722007722
li,wa,1,1295,0.0007722007722007722,0.07722007722007722
li,waa,1,1295,0.0007722007722007722,0.07722007722007722
naa,<sil>,1,1313,0.0007616146230007616,0.07616146230007616
naa,qK,1,1313,0.0007616146230007616,0.07616146230007616
naa,dK,1,1313,0.0007616146230007616,0.07616146230007616
naa,ʔ,1,1313,0.0007616146230007616,0.07616146230007616
naa,t,1,1313,0.0007616146230007616,0.07616146230007616
naa,rM,1,1313,0.0007616146230007616,0.07616146230007616
naa,ʕ,1,1313,0.0007616146230007616,0.07616146230007616
naa,k,1,1313,0.0007616146230007616,0.07616146230007616
naa,l,1,1313,0.0007616146230007616,0.07616146230007616
naa,bi,1,1313,0.0007616146230007616,0.07616146230007616
naa,baa,1,1313,0.0007616146230007616,0.07616146230007616
naa,tii,1,1313,0.0007616146230007616,0.07616146230007616
naa,ðˤi,1,1313,0.0007616146230007616,0.07616146230007616
naa,ʕa,1,1313,0.0007616146230007616,0.07616146230007616
naa,fii,1,1313,0.0007616146230007616,0.07616146230007616
naa,mi,1,1313,0.0007616146230007616,0.07616146230007616
naa,na,1,1313,0.0007616146230007616,0.07616146230007616
naa,haa,1,1313,0.0007616146230007616,0.07616146230007616
y,l,1,1322,0.0007564296520423601,0.07564296520423601
y,m,1,1322,0.0007564296520423601,0.07564296520423601
y,ba,1,1322,0.0007564296520423601,0.07564296520423601
y,ta,1,1322,0.0007564296520423601,0.07564296520423601
y,ħaa,1,1322,0.0007564296520423601,0.07564296520423601
y,si,1,1322,0.0007564296520423601,0.07564296520423601
y,su,1,1322,0.0007564296520423601,0.07564296520423601
y,sii,1,1322,0.0007564296520423601,0.07564296520423601
y,suu,1,1322,0.0007564296520423601,0.07564296520423601
y,dˤi,1,1322,0.0007564296520423601,0.07564296520423601
y,ʕa,1,1322,0.0007564296520423601,0.07564296520423601
y,ka,1,1322,0.0007564296520423601,0.07564296520423601
y,ma,1,1322,0.0007564296520423601,0.07564296520423601
y,hi,1,1322,0.0007564296520423601,0.07564296520423601
y,wa,1,1322,0.0007564296520423601,0.07564296520423601
y,yi,1,1322,0.0007564296520423601,0.07564296520423601
y,yaa,1,1322,0.0007564296520423601,0.07564296520423601
mm,n,1,1393,0.0007178750897343862,0.07178750897343862
mm,ʔa,1,1393,0.0007178750897343862,0.07178750897343862
mm,ta,1,1393,0.0007178750897343862,0.07178750897343862
mm,θu,1,1393,0.0007178750897343862,0.07178750897343862
mm,xi,1,1393,0.0007178750897343862,0.07178750897343862
mm,da,1,1393,0.0007178750897343862,0.07178750897343862
mm,ða,1,1393,0.0007178750897343862,0.07178750897343862
mm,rMa,1,1393,0.0007178750897343862,0.07178750897343862
mm,rMu,1,1393,0.0007178750897343862,0.07178750897343862
mm,ʕii,1,1393,0.0007178750897343862,0.07178750897343862
mm,fi,1,1393,0.0007178750897343862,0.07178750897343862
mm,ku,1,1393,0.0007178750897343862,0.07178750897343862
mm,mu,1,1393,0.0007178750897343862,0.07178750897343862
mm,na,1,1393,0.0007178750897343862,0.07178750897343862
ka,nk,1,1401,0.0007137758743754461,0.07137758743754462
ka,ank,1,1401,0.0007137758743754461,0.07137758743754462
ka,dK,1,1401,0.0007137758743754461,0.07137758743754462
ka,rM,1,1401,0.0007137758743754461,0.07137758743754462
ka,k,1,1401,0.0007137758743754461,0.07137758743754462
ka,ʔaa,1,1401,0.0007137758743754461,0.07137758743754462
ka,ta,1,1401,0.0007137758743754461,0.07137758743754462
ka,ti,1,1401,0.0007137758743754461,0.07137758743754462
ka,ðaa,1,1401,0.0007137758743754461,0.07137758743754462
ka,ðii,1,1401,0.0007137758743754461,0.07137758743754462
ka,rMa,1,1401,0.0007137758743754461,0.07137758743754462
ka,qa,1,1401,0.0007137758743754461,0.07137758743754462
ka,la,1,1401,0.0007137758743754461,0.07137758743754462
ka,laa,1,1401,0.0007137758743754461,0.07137758743754462
ka,luu,1,1401,0.0007137758743754461,0.07137758743754462
ka,ma,1,1401,0.0007137758743754461,0.07137758743754462
ka,maa,1,1401,0.0007137758743754461,0.07137758743754462
ka,hii,1,1401,0.0007137758743754461,0.07137758743754462
ka,ya,1,1401,0.0007137758743754461,0.07137758743754462
ka,yaa,1,1401,0.0007137758743754461,0.07137758743754462
bi,tˤK,1,1458,0.0006858710562414266,0.06858710562414265
bi,ð,1,1458,0.0006858710562414266,0.06858710562414265
bi,rM,1,1458,0.0006858710562414266,0.06858710562414265
bi,s,1,1458,0.0006858710562414266,0.06858710562414265
bi,ʔa,1,1458,0.0006858710562414266,0.06858710562414265
bi,tu,1,1458,0.0006858710562414266,0.06858710562414265
bi,taa,1,1458,0.0006858710562414266,0.06858710562414265
bi,duu,1,1458,0.0006858710562414266,0.06858710562414265
bi,ðaa,1,1458,0.0006858710562414266,0.06858710562414265
bi,rMa,1,1458,0.0006858710562414266,0.06858710562414265
bi,fa,1,1458,0.0006858710562414266,0.06858710562414265
bi,faa,1,1458,0.0006858710562414266,0.06858710562414265
bi,qa,1,1458,0.0006858710562414266,0.06858710562414265
bi,qaa,1,1458,0.0006858710562414266,0.06858710562414265
bi,ka,1,1458,0.0006858710562414266,0.06858710562414265
bi,kaa,1,1458,0.0006858710562414266,0.06858710562414265
bi,la,1,1458,0.0006858710562414266,0.06858710562414265
bi,li,1,1458,0.0006858710562414266,0.06858710562414265
bi,mu,1,1458,0.0006858710562414266,0.06858710562414265
bi,maa,1,1458,0.0006858710562414266,0.06858710562414265
bi,naa,1,1458,0.0006858710562414266,0.06858710562414265
bi,nii,1,1458,0.0006858710562414266,0.06858710562414265
bi,nuu,1,1458,0.0006858710562414266,0.06858710562414265
bi,hi,1,1458,0.0006858710562414266,0.06858710562414265
bi,ya,1,1458,0.0006858710562414266,0.06858710562414265
nn,su,1,1471,0.0006798096532970768,0.06798096532970768
nn,ku,1,1471,0.0006798096532970768,0.06798096532970768
nn,ma,1,1471,0.0006798096532970768,0.06798096532970768
nn,mu,1,1471,0.0006798096532970768,0.06798096532970768
nn,nu,1,1471,0.0006798096532970768,0.06798096532970768
nn,naa,1,1471,0.0006798096532970768,0.06798096532970768
nn,nii,1,1471,0.0006798096532970768,0.06798096532970768
nn,ha,1,1471,0.0006798096532970768,0.06798096532970768
nn,wa,1,1471,0.0006798096532970768,0.06798096532970768
mi,nd,1,1473,0.0006788866259334691,0.0678886625933469
mi,nn,1,1473,0.0006788866259334691,0.0678886625933469
mi,t,1,1473,0.0006788866259334691,0.0678886625933469
mi,s,1,1473,0.0006788866259334691,0.0678886625933469
mi,l,1,1473,0.0006788866259334691,0.0678886625933469
mi,n,1,1473,0.0006788866259334691,0.0678886625933469
mi,w,1,1473,0.0006788866259334691,0.0678886625933469
mi,bi,1,1473,0.0006788866259334691,0.0678886625933469
mi,buu,1,1473,0.0006788866259334691,0.0678886625933469
mi,ta,1,1473,0.0006788866259334691,0.0678886625933469
mi,da,1,1473,0.0006788866259334691,0.0678886625933469
mi,duu,1,1473,0.0006788866259334691,0.0678886625933469
mi,ðii,1,1473,0.0006788866259334691,0.0678886625933469
mi,ri,1,1473,0.0006788866259334691,0.0678886625933469
mi,ʕi,1,1473,0.0006788866259334691,0.0678886625933469
mi,nii,1,1473,0.0006788866259334691,0.0678886625933469
mi,huu,1,1473,0.0006788866259334691,0.0678886625933469
mi,wa,1,1473,0.0006788866259334691,0.0678886625933469
mi,wi,1,1473,0.0006788866259334691,0.0678886625933469
rMa,jK,1,1567,0.0006381620931716656,0.06381620931716657
rMa,ww,1,1567,0.0006381620931716656,0.06381620931716657
rMa,t,1,1567,0.0006381620931716656,0.06381620931716657
rMa,θ,1,1567,0.0006381620931716656,0.06381620931716657
rMa,m,1,1567,0.0006381620931716656,0.06381620931716657
rMa,h,1,1567,0.0006381620931716656,0.06381620931716657
rMa,bi,1,1567,0.0006381620931716656,0.06381620931716657
rMa,jii,1,1567,0.0006381620931716656,0.06381620931716657
rMa,juu,1,1567,0.0006381620931716656,0.06381620931716657
rMa,ħii,1,1567,0.0006381620931716656,0.06381620931716657
rMa,xa,1,1567,0.0006381620931716656,0.06381620931716657
rMa,rMuu,1,1567,0.0006381620931716656,0.06381620931716657
rMa,sa,1,1567,0.0006381620931716656,0.06381620931716657
rMa,suu,1,1567,0.0006381620931716656,0.06381620931716657
rMa,dˤa,1,1567,0.0006381620931716656,0.06381620931716657
rMa,dˤu,1,1567,0.0006381620931716656,0.06381620931716657
rMa,fa,1,1567,0.0006381620931716656,0.06381620931716657
rMa,kun,1,1567,0.0006381620931716656,0.06381620931716657
rMa,la,1,1567,0.0006381620931716656,0.06381620931716657
rMa,li,1,1567,0.0006381620931716656,0.06381620931716657
rMa,laa,1,1567,0.0006381620931716656,0.06381620931716657
rMa,naa,1,1567,0.0006381620931716656,0.06381620931716657
rMa,hu,1,1567,0.0006381620931716656,0.06381620931716657
fa,<sil>,1,1661,0.0006020469596628537,0.060204695966285374
fa,nt,1,1661,0.0006020469596628537,0.060204695966285374
fa,inf,1,1661,0.0006020469596628537,0.060204695966285374
fa,mm,1,1661,0.0006020469596628537,0.060204695966285374
fa,rM,1,1661,0.0006020469596628537,0.060204695966285374
fa,h,1,1661,0.0006020469596628537,0.060204695966285374
fa,ʔi,1,1661,0.0006020469596628537,0.060204695966285374
fa,du,1,1661,0.0006020469596628537,0.060204695966285374
fa,rMa,1,1661,0.0006020469596628537,0.060204695966285374
fa,rMu,1,1661,0.0006020469596628537,0.060204695966285374
fa,qa,1,1661,0.0006020469596628537,0.060204695966285374
fa,qu,1,1661,0.0006020469596628537,0.060204695966285374
fa,lu,1,1661,0.0006020469596628537,0.060204695966285374
fa,na,1,1661,0.0006020469596628537,0.060204695966285374
fa,naa,1,1661,0.0006020469596628537,0.060204695966285374
fa,hi,1,1661,0.0006020469596628537,0.060204695966285374
fa,hu,1,1661,0.0006020469596628537,0.060204695966285374
fa,haa,1,1661,0.0006020469596628537,0.060204695966285374
fa,huu,1,1661,0.0006020469596628537,0.060204695966285374
ʕa,ntˤ,1,1714,0.0005834305717619603,0.05834305717619603
ʕa,bK,1,1714,0.0005834305717619603,0.05834305717619603
ʕa,jK,1,1714,0.0005834305717619603,0.05834305717619603
ʕa,t,1,1714,0.0005834305717619603,0.05834305717619603
ʕa,sˤ,1,1714,0.0005834305717619603,0.05834305717619603
ʕa,q,1,1714,0.0005834305717619603,0.05834305717619603
ʕa,h,1,1714,0.0005834305717619603,0.05834305717619603
ʕa,y,1,1714,0.0005834305717619603,0.05834305717619603
ʕa,ʔun,1,1714,0.0005834305717619603,0.05834305717619603
ʕa,buu,1,1714,0.0005834305717619603,0.05834305717619603
ʕa,ti,1,1714,0.0005834305717619603,0.05834305717619603
ʕa,ħu,1,1714,0.0005834305717619603,0.05834305717619603
ʕa,du,1,1714,0.0005834305717619603,0.05834305717619603
ʕa,ðaa,1,1714,0.0005834305717619603,0.05834305717619603
ʕa,dˤa,1,1714,0.0005834305717619603,0.05834305717619603
ʕa,ʕu,1,1714,0.0005834305717619603,0.05834305717619603
ʕa,ɣa,1,1714,0.0005834305717619603,0.05834305717619603
ʕa,qu,1,1714,0.0005834305717619603,0.05834305717619603
ʕa,quu,1,1714,0.0005834305717619603,0.05834305717619603
ʕa,lan,1,1714,0.0005834305717619603,0.05834305717619603
ʕa,mu,1,1714,0.0005834305717619603,0.05834305717619603
ʕa,mun,1,1714,0.0005834305717619603,0.05834305717619603
ʕa,haa,1,1714,0.0005834305717619603,0.05834305717619603
ʕa,huu,1,1714,0.0005834305717619603,0.05834305717619603
ʕa,yu,1,1714,0.0005834305717619603,0.05834305717619603
ʕa,yii,1,1714,0.0005834305717619603,0.05834305717619603
hu,bi,1,1731,0.0005777007510109763,0.05777007510109763
hu,bu,1,1731,0.0005777007510109763,0.05777007510109763
hu,ta,1,1731,0.0005777007510109763,0.05777007510109763
hu,tu,1,1731,0.0005777007510109763,0.05777007510109763
hu,θu,1,1731,0.0005777007510109763,0.05777007510109763
hu,du,1,1731,0.0005777007510109763,0.05777007510109763
hu,ðaa,1,1731,0.0005777007510109763,0.05777007510109763
hu,rMuu,1,1731,0.0005777007510109763,0.05777007510109763
hu,su,1,1731,0.0005777007510109763,0.05777007510109763
hu,ʃa,1,1731,0.0005777007510109763,0.05777007510109763
hu,sˤaa,1,1731,0.0005777007510109763,0.05777007510109763
hu,ʕa,1,1731,0.0005777007510109763,0.05777007510109763
hu,ʕu,1,1731,0.0005777007510109763,0.05777007510109763
hu,fa,1,1731,0.0005777007510109763,0.05777007510109763
hu,ka,1,1731,0.0005777007510109763,0.05777007510109763
hu,li,1,1731,0.0005777007510109763,0.05777007510109763
hu,lu,1,1731,0.0005777007510109763,0.05777007510109763
hu,maa,1,1731,0.0005777007510109763,0.05777007510109763
hu,naa,1,1731,0.0005777007510109763,0.05777007510109763
hu,ha,1,1731,0.0005777007510109763,0.05777007510109763
hu,hi,1,1731,0.0005777007510109763,0.05777007510109763
hu,wu,1,1731,0.0005777007510109763,0.05777007510109763
ya,x,1,1751,0.0005711022272986865,0.05711022272986865
ya,ð,1,1751,0.0005711022272986865,0.05711022272986865
ya,rM,1,1751,0.0005711022272986865,0.05711022272986865
ya,ʃ,1,1751,0.0005711022272986865,0.05711022272986865
ya,q,1,1751,0.0005711022272986865,0.05711022272986865
ya,m,1,1751,0.0005711022272986865,0.05711022272986865
ya,ʔa,1,1751,0.0005711022272986865,0.05711022272986865
ya,ʔaa,1,1751,0.0005711022272986865,0.05711022272986865
ya,tu,1,1751,0.0005711022272986865,0.05711022272986865
ya,ħi,1,1751,0.0005711022272986865,0.05711022272986865
ya,ri,1,1751,0.0005711022272986865,0.05711022272986865
ya,sˤu,1,1751,0.0005711022272986865,0.05711022272986865
ya,ʕa,1,1751,0.0005711022272986865,0.05711022272986865
ya,qi,1,1751,0.0005711022272986865,0.05711022272986865
ya,quu,1,1751,0.0005711022272986865,0.05711022272986865
ya,ka,1,1751,0.0005711022272986865,0.05711022272986865
ya,kaa,1,1751,0.0005711022272986865,0.05711022272986865
ya,ma,1,1751,0.0005711022272986865,0.05711022272986865
ya,mi,1,1751,0.0005711022272986865,0.05711022272986865
ya,muu,1,1751,0.0005711022272986865,0.05711022272986865
ya,hii,1,1751,0.0005711022272986865,0.05711022272986865
ya,wa,1,1751,0.0005711022272986865,0.05711022272986865
ma,nk,1,1849,0.0005408328826392645,0.05408328826392645
ma,nf,1,1849,0.0005408328826392645,0.05408328826392645
ma,nn,1,1849,0.0005408328826392645,0.05408328826392645
ma,yy,1,1849,0.0005408328826392645,0.05408328826392645
ma,t,1,1849,0.0005408328826392645,0.05408328826392645
ma,θ,1,1849,0.0005408328826392645,0.05408328826392645
ma,ð,1,1849,0.0005408328826392645,0.05408328826392645
ma,rM,1,1849,0.0005408328826392645,0.05408328826392645
ma,m,1,1849,0.0005408328826392645,0.05408328826392645
ma,w,1,1849,0.0005408328826392645,0.05408328826392645
ma,y,1,1849,0.0005408328826392645,0.05408328826392645
ma,ʔa,1,1849,0.0005408328826392645,0.05408328826392645
ma,ʔaa,1,1849,0.0005408328826392645,0.05408328826392645
ma,bi,1,1849,0.0005408328826392645,0.05408328826392645
ma,tii,1,1849,0.0005408328826392645,0.05408328826392645
ma,ħa,1,1849,0.0005408328826392645,0.05408328826392645
ma,ħii,1,1849,0.0005408328826392645,0.05408328826392645
ma,da,1,1849,0.0005408328826392645,0.05408328826392645
ma,dii,1,1849,0.0005408328826392645,0.05408328826392645
ma,sa,1,1849,0.0005408328826392645,0.05408328826392645
ma,ʕa,1,1849,0.0005408328826392645,0.05408328826392645
ma,ʕuu,1,1849,0.0005408328826392645,0.05408328826392645
ma,la,1,1849,0.0005408328826392645,0.05408328826392645
ma,li,1,1849,0.0005408328826392645,0.05408328826392645
ma,lu,1,1849,0.0005408328826392645,0.05408328826392645
ma,maa,1,1849,0.0005408328826392645,0.05408328826392645
ma,naa,1,1849,0.0005408328826392645,0.05408328826392645
ma,nii,1,1849,0.0005408328826392645,0.05408328826392645
ma,huu,1,1849,0.0005408328826392645,0.05408328826392645
ma,yaa,1,1849,0.0005408328826392645,0.05408328826392645
ta,qK,1,1890,0.0005291005291005291,0.052910052910052914
ta,ww,1,1890,0.0005291005291005291,0.052910052910052914
ta,d,1,1890,0.0005291005291005291,0.052910052910052914
ta,rM,1,1890,0.0005291005291005291,0.052910052910052914
ta,ʃ,1,1890,0.0005291005291005291,0.052910052910052914
ta,f,1,1890,0.0005291005291005291,0.052910052910052914
ta,ʔa,1,1890,0.0005291005291005291,0.052910052910052914
ta,tu,1,1890,0.0005291005291005291,0.052910052910052914
ta,ða,1,1890,0.0005291005291005291,0.052910052910052914
ta,rMuu,1,1890,0.0005291005291005291,0.052910052910052914
ta,za,1,1890,0.0005291005291005291,0.052910052910052914
ta,qa,1,1890,0.0005291005291005291,0.052910052910052914
ta,qi,1,1890,0.0005291005291005291,0.052910052910052914
ta,qii,1,1890,0.0005291005291005291,0.052910052910052914
ta,quu,1,1890,0.0005291005291005291,0.052910052910052914
ta,la,1,1890,0.0005291005291005291,0.052910052910052914
ta,li,1,1890,0.0005291005291005291,0.052910052910052914
ta,laa,1,1890,0.0005291005291005291,0.052910052910052914
ta,ma,1,1890,0.0005291005291005291,0.052910052910052914
laa,dK,1,2074,0.00048216007714561236,0.048216007714561235
laa,x,1,2074,0.00048216007714561236,0.048216007714561235
laa,ʕ,1,2074,0.00048216007714561236,0.048216007714561235
laa,h,1,2074,0.00048216007714561236,0.048216007714561235
laa,ʔi,1,2074,0.00048216007714561236,0.048216007714561235
laa,ʔu,1,2074,0.00048216007714561236,0.048216007714561235
laa,ta,1,2074,0.00048216007714561236,0.048216007714561235
laa,ti,1,2074,0.00048216007714561236,0.048216007714561235
laa,tu,1,2074,0.00048216007714561236,0.048216007714561235
laa,tii,1,2074,0.00048216007714561236,0.048216007714561235
laa,θa,1,2074,0.00048216007714561236,0.048216007714561235
laa,dii,1,2074,0.00048216007714561236,0.048216007714561235
laa,sa,1,2074,0.00048216007714561236,0.048216007714561235
laa,ʃaa,1,2074,0.00048216007714561236,0.048216007714561235
laa,sˤa,1,2074,0.00048216007714561236,0.048216007714561235
laa,ʕa,1,2074,0.00048216007714561236,0.048216007714561235
laa,ʕu,1,2074,0.00048216007714561236,0.048216007714561235
laa,lii,1,2074,0.00048216007714561236,0.048216007714561235
laa,maa,1,2074,0.00048216007714561236,0.048216007714561235
laa,na,1,2074,0.00048216007714561236,0.048216007714561235
laa,nu,1,2074,0.00048216007714561236,0.048216007714561235
laa,ha,1,2074,0.00048216007714561236,0.048216007714561235
laa,hi,1,2074,0.00048216007714561236,0.048216007714561235
laa,ya,1,2074,0.00048216007714561236,0.048216007714561235
ʔi,ns,1,2291,0.00043649061545176777,0.043649061545176775
ʔi,mm,1,2291,0.00043649061545176777,0.043649061545176775
ʔi,ð,1,2291,0.00043649061545176777,0.043649061545176775
ʔi,sˤ,1,2291,0.00043649061545176777,0.043649061545176775
ʔi,m,1,2291,0.00043649061545176777,0.043649061545176775
ʔi,n,1,2291,0.00043649061545176777,0.043649061545176775
ʔi,w,1,2291,0.00043649061545176777,0.043649061545176775
ʔi,ʔa,1,2291,0.00043649061545176777,0.043649061545176775
ʔi,ʔii,1,2291,0.00043649061545176777,0.043649061545176775
ʔi,bii,1,2291,0.00043649061545176777,0.043649061545176775
ʔi,buu,1,2291,0.00043649061545176777,0.043649061545176775
ʔi,tun,1,2291,0.00043649061545176777,0.043649061545176775
ʔi,du,1,2291,0.00043649061545176777,0.043649061545176775
ʔi,duu,1,2291,0.00043649061545176777,0.043649061545176775
ʔi,ði,1,2291,0.00043649061545176777,0.043649061545176775
ʔi,ðaa,1,2291,0.00043649061545176777,0.043649061545176775
ʔi,ðan,1,2291,0.00043649061545176777,0.043649061545176775
ʔi,ka,1,2291,0.00043649061545176777,0.043649061545176775
ʔi,ku,1,2291,0.00043649061545176777,0.043649061545176775
ʔi,nu,1,2291,0.00043649061545176777,0.043649061545176775
ʔi,nuu,1,2291,0.00043649061545176777,0.043649061545176775
ʔi,haa,1,2291,0.00043649061545176777,0.043649061545176775
ʔi,yu,1,2291,0.00043649061545176777,0.043649061545176775
ʔi,yaa,1,2291,0.00043649061545176777,0.043649061545176775
m,ink,1,2360,0.000423728813559322,0.0423728813559322
m,r,1,2360,0.000423728813559322,0.0423728813559322
m,rM,1,2360,0.000423728813559322,0.0423728813559322
m,ʕ,1,2360,0.000423728813559322,0.0423728813559322
m,ʔi,1,2360,0.000423728813559322,0.0423728813559322
m,ʔaa,1,2360,0.000423728813559322,0.0423728813559322
m,ʔii,1,2360,0.000423728813559322,0.0423728813559322
m,bun,1,2360,0.000423728813559322,0.0423728813559322
m,ta,1,2360,0.000423728813559322,0.0423728813559322
m,da,1,2360,0.000423728813559322,0.0423728813559322
m,rMaa,1,2360,0.000423728813559322,0.0423728813559322
m,ʃa,1,2360,0.000423728813559322,0.0423728813559322
m,fi,1,2360,0.000423728813559322,0.0423728813559322
m,qa,1,2360,0.000423728813559322,0.0423728813559322
m,qaa,1,2360,0.000423728813559322,0.0423728813559322
m,kii,1,2360,0.000423728813559322,0.0423728813559322
m,lii,1,2360,0.000423728813559322,0.0423728813559322
m,mi,1,2360,0.000423728813559322,0.0423728813559322
m,mu,1,2360,0.000423728813559322,0.0423728813559322
m,maa,1,2360,0.000423728813559322,0.0423728813559322
m,mii,1,2360,0.000423728813559322,0.0423728813559322
m,nu,1,2360,0.000423728813559322,0.0423728813559322
m,naa,1,2360,0.000423728813559322,0.0423728813559322
m,yu,1,2360,0.000423728813559322,0.0423728813559322
n,rM,1,2386,0.00041911148365465214,0.041911148365465216
n,k,1,2386,0.00041911148365465214,0.041911148365465216
n,baa,1,2386,0.00041911148365465214,0.041911148365465216
n,taa,1,2386,0.00041911148365465214,0.041911148365465216
n,tii,1,2386,0.00041911148365465214,0.041911148365465216
n,θuu,1,2386,0.00041911148365465214,0.041911148365465216
n,ħii,1,2386,0.00041911148365465214,0.041911148365465216
n,ʕa,1,2386,0.00041911148365465214,0.041911148365465216
n,fuu,1,2386,0.00041911148365465214,0.041911148365465216
n,kuu,1,2386,0.00041911148365465214,0.041911148365465216
n,ma,1,2386,0.00041911148365465214,0.041911148365465216
n,na,1,2386,0.00041911148365465214,0.041911148365465216
n,ni,1,2386,0.00041911148365465214,0.041911148365465216
n,hu,1,2386,0.00041911148365465214,0.041911148365465216
n,yii,1,2386,0.00041911148365465214,0.041911148365465216
ʔa,nf,1,2975,0.0003361344537815126,0.03361344537815126
ʔa,nt,1,2975,0.0003361344537815126,0.03361344537815126
ʔa,nn,1,2975,0.0003361344537815126,0.03361344537815126
ʔa,yy,1,2975,0.0003361344537815126,0.03361344537815126
ʔa,b,1,2975,0.0003361344537815126,0.03361344537815126
ʔa,ʔan,1,2975,0.0003361344537815126,0.03361344537815126
ʔa,ba,1,2975,0.0003361344537815126,0.03361344537815126
ʔa,baa,1,2975,0.0003361344537815126,0.03361344537815126
ʔa,bii,1,2975,0.0003361344537815126,0.03361344537815126
ʔa,ti,1,2975,0.0003361344537815126,0.03361344537815126
ʔa,jaa,1,2975,0.0003361344537815126,0.03361344537815126
ʔa,xii,1,2975,0.0003361344537815126,0.03361344537815126
ʔa,ʕa,1,2975,0.0003361344537815126,0.03361344537815126
ʔa,ʕuu,1,2975,0.0003361344537815126,0.03361344537815126
ʔa,fii,1,2975,0.0003361344537815126,0.03361344537815126
ʔa,laa,1,2975,0.0003361344537815126,0.03361344537815126
ʔa,man,1,2975,0.0003361344537815126,0.03361344537815126
ʔa,nu,1,2975,0.0003361344537815126,0.03361344537815126
ʔa,hu,1,2975,0.0003361344537815126,0.03361344537815126
ʔa,haa,1,2975,0.0003361344537815126,0.03361344537815126
na,<sil>,1,3188,0.0003136762860727729,0.031367628607277286
na,x,1,3188,0.0003136762860727729,0.031367628607277286
na,r,1,3188,0.0003136762860727729,0.031367628607277286
na,s,1,3188,0.0003136762860727729,0.031367628607277286
na,f,1,3188,0.0003136762860727729,0.031367628607277286
na,m,1,3188,0.0003136762860727729,0.031367628607277286
na,h,1,3188,0.0003136762860727729,0.031367628607277286
na,y,1,3188,0.0003136762860727729,0.031367628607277286
na,ʔi,1,3188,0.0003136762860727729,0.031367628607277286
na,ʔii,1,3188,0.0003136762860727729,0.031367628607277286
na,ba,1,3188,0.0003136762860727729,0.031367628607277286
na,rMuu,1,3188,0.0003136762860727729,0.031367628607277286
na,ʕi,1,3188,0.0003136762860727729,0.031367628607277286
na,fa,1,3188,0.0003136762860727729,0.031367628607277286
na,faa,1,3188,0.0003136762860727729,0.031367628607277286
na,fii,1,3188,0.0003136762860727729,0.031367628607277286
na,fuu,1,3188,0.0003136762860727729,0.031367628607277286
na,qii,1,3188,0.0003136762860727729,0.031367628607277286
na,ka,1,3188,0.0003136762860727729,0.031367628607277286
na,kuu,1,3188,0.0003136762860727729,0.031367628607277286
na,laa,1,3188,0.0003136762860727729,0.031367628607277286
na,mi,1,3188,0.0003136762860727729,0.031367628607277286
na,muu,1,3188,0.0003136762860727729,0.031367628607277286
na,ni,1,3188,0.0003136762860727729,0.031367628607277286
na,nu,1,3188,0.0003136762860727729,0.031367628607277286
na,nuu,1,3188,0.0003136762860727729,0.031367628607277286
na,hu,1,3188,0.0003136762860727729,0.031367628607277286
na,haa,1,3188,0.0003136762860727729,0.031367628607277286
na,huu,1,3188,0.0003136762860727729,0.031367628607277286
na,ya,1,3188,0.0003136762860727729,0.031367628607277286
la,<sil>,1,3719,0.00026888948642108095,0.026888948642108095
la,nt,1,3719,0.00026888948642108095,0.026888948642108095
la,mm,1,3719,0.00026888948642108095,0.026888948642108095
la,ð,1,3719,0.00026888948642108095,0.026888948642108095
la,sˤ,1,3719,0.00026888948642108095,0.026888948642108095
la,k,1,3719,0.00026888948642108095,0.026888948642108095
la,baa,1,3719,0.00026888948642108095,0.026888948642108095
la,taa,1,3719,0.00026888948642108095,0.026888948642108095
la,θa,1,3719,0.00026888948642108095,0.026888948642108095
la,θaa,1,3719,0.00026888948642108095,0.026888948642108095
la,du,1,3719,0.00026888948642108095,0.026888948642108095
la,ri,1,3719,0.00026888948642108095,0.026888948642108095
la,suu,1,3719,0.00026888948642108095,0.026888948642108095
la,nii,1,3719,0.00026888948642108095,0.026888948642108095
la,hu,1,3719,0.00026888948642108095,0.026888948642108095
la,hii,1,3719,0.00026888948642108095,0.026888948642108095
la,huu,1,3719,0.00026888948642108095,0.026888948642108095
la,yaa,1,3719,0.00026888948642108095,0.026888948642108095
la,yuu,1,3719,0.00026888948642108095,0.026888948642108095
wa,nf,1,3862,0.0002589331952356292,0.02589331952356292
wa,qK,1,3862,0.0002589331952356292,0.02589331952356292
wa,ħ,1,3862,0.0002589331952356292,0.02589331952356292
wa,f,1,3862,0.0002589331952356292,0.02589331952356292
wa,k,1,3862,0.0002589331952356292,0.02589331952356292
wa,w,1,3862,0.0002589331952356292,0.02589331952356292
wa,ʔi,1,3862,0.0002589331952356292,0.02589331952356292
wa,ʔii,1,3862,0.0002589331952356292,0.02589331952356292
wa,ti,1,3862,0.0002589331952356292,0.02589331952356292
wa,ja,1,3862,0.0002589331952356292,0.02589331952356292
wa,ðaa,1,3862,0.0002589331952356292,0.02589331952356292
wa,ri,1,3862,0.0002589331952356292,0.02589331952356292
wa,rMu,1,3862,0.0002589331952356292,0.02589331952356292
wa,rMuu,1,3862,0.0002589331952356292,0.02589331952356292
wa,sa,1,3862,0.0002589331952356292,0.02589331952356292
wa,si,1,3862,0.0002589331952356292,0.02589331952356292
wa,saa,1,3862,0.0002589331952356292,0.02589331952356292
wa,suu,1,3862,0.0002589331952356292,0.02589331952356292
wa,dˤi,1,3862,0.0002589331952356292,0.02589331952356292
wa,tˤaa,1,3862,0.0002589331952356292,0.02589331952356292
wa,ʕa,1,3862,0.0002589331952356292,0.02589331952356292
wa,qa,1,3862,0.0002589331952356292,0.02589331952356292
wa,qu,1,3862,0.0002589331952356292,0.02589331952356292
wa,ku,1,3862,0.0002589331952356292,0.02589331952356292
wa,lii,1,3862,0.0002589331952356292,0.02589331952356292
wa,mu,1,3862,0.0002589331952356292,0.02589331952356292
wa,nu,1,3862,0.0002589331952356292,0.02589331952356292
wa,huu,1,3862,0.0002589331952356292,0.02589331952356292
wa,yii,1,3862,0.0002589331952356292,0.02589331952356292
l,<sil>,1,4749,0.0002105706464518846,0.02105706464518846
l,ink,1,4749,0.0002105706464518846,0.02105706464518846
l,nn,1,4749,0.0002105706464518846,0.02105706464518846
l,s,1,4749,0.0002105706464518846,0.02105706464518846
l,ʃ,1,4749,0.0002105706464518846,0.02105706464518846
l,ðˤ,1,4749,0.0002105706464518846,0.02105706464518846
l,m,1,4749,0.0002105706464518846,0.02105706464518846
l,w,1,4749,0.0002105706464518846,0.02105706464518846
l,ʔu,1,4749,0.0002105706464518846,0.02105706464518846
l,bi,1,4749,0.0002105706464518846,0.02105706464518846
l,bu,1,4749,0.0002105706464518846,0.02105706464518846
l,bii,1,4749,0.0002105706464518846,0.02105706464518846
l,ti,1,4749,0.0002105706464518846,0.02105706464518846
l,ji,1,4749,0.0002105706464518846,0.02105706464518846
l,xaa,1,4749,0.0002105706464518846,0.02105706464518846
l,du,1,4749,0.0002105706464518846,0.02105706464518846
l,rMu,1,4749,0.0002105706464518846,0.02105706464518846
l,zu,1,4749,0.0002105706464518846,0.02105706464518846
l,si,1,4749,0.0002105706464518846,0.02105706464518846
l,su,1,4749,0.0002105706464518846,0.02105706464518846
l,sˤa,1,4749,0.0002105706464518846,0.02105706464518846
l,dˤa,1,4749,0.0002105706464518846,0.02105706464518846
l,tˤa,1,4749,0.0002105706464518846,0.02105706464518846
l,ʕa,1,4749,0.0002105706464518846,0.02105706464518846
l,ʕi,1,4749,0.0002105706464518846,0.02105706464518846
l,faa,1,4749,0.0002105706464518846,0.02105706464518846
l,qa,1,4749,0.0002105706464518846,0.02105706464518846
l,ki,1,4749,0.0002105706464518846,0.02105706464518846
l,kuu,1,4749,0.0002105706464518846,0.02105706464518846
l,nu,1,4749,0.0002105706464518846,0.02105706464518846
l,haa,1,4749,0.0002105706464518846,0.02105706464518846
l,waa,1,4749,0.0002105706464518846,0.02105706464518846
l,yaa,1,4749,0.0002105706464518846,0.02105706464518846
<sil>,s,1,5640,0.0001773049645390071,0.01773049645390071
<sil>,ʕ,1,5640,0.0001773049645390071,0.01773049645390071
<sil>,ʔaa,1,5640,0.0001773049645390071,0.01773049645390071
<sil>,ti,1,5640,0.0001773049645390071,0.01773049645390071
<sil>,tii,1,5640,0.0001773049645390071,0.01773049645390071
<sil>,jaa,1,5640,0.0001773049645390071,0.01773049645390071
<sil>,fi,1,5640,0.0001773049645390071,0.01773049645390071
<sil>,ka,1,5640,0.0001773049645390071,0.01773049645390071
<sil>,ku,1,5640,0.0001773049645390071,0.01773049645390071
<sil>,naa,1,5640,0.0001773049645390071,0.01773049645390071
<sil>,haa,1,5640,0.0001773049645390071,0.01773049645390071
